gene_name	ensembl_gene_id
AAAS	ENSG00000094914
AAGAB	ENSG00000103591
AAMP	ENSG00000127837
AAR2	ENSG00000131043
AARS	ENSG00000090861
AARS2	ENSG00000124608
AARSD1	ENSG00000266967
AASDHPPT	ENSG00000149313
AATF	ENSG00000275700
AATF	 ENSG00000276072
ABCB10	ENSG00000135776
ABCB7	ENSG00000131269
ABCD3	ENSG00000117528
ABCE1	ENSG00000164163
ABCF1	ENSG00000232169
ABCF1	 ENSG00000231129
ABCF1	 ENSG00000204574
ABCF1	 ENSG00000206490
ABCF1	 ENSG00000236342
ABCF1	 ENSG00000225989
ABCF1	 ENSG00000236149
ABCF2	ENSG00000033050
ABCF3	ENSG00000161204
ABHD10	ENSG00000144827
ABHD12	ENSG00000100997
ABHD13	ENSG00000139826
ABHD14A	ENSG00000248487
ABHD16A	ENSG00000236063
ABHD16A	 ENSG00000235676
ABHD16A	 ENSG00000230475
ABHD16A	 ENSG00000206403
ABHD16A	 ENSG00000231488
ABHD16A	 ENSG00000224552
ABHD16A	 ENSG00000204427
ABHD4	ENSG00000100439
ABHD8	ENSG00000127220
ABI1	ENSG00000136754
ABT1	ENSG00000146109
ACAD9	ENSG00000177646
ACADVL	ENSG00000072778
ACAP3	ENSG00000131584
ACBD3	ENSG00000182827
ACBD5	ENSG00000107897
ACBD6	ENSG00000230124
ACIN1	ENSG00000100813
ACLY	ENSG00000131473
ACOT13	ENSG00000112304
ACOT8	ENSG00000101473
ACOT9	ENSG00000123130
ACOX1	ENSG00000161533
ACOX3	ENSG00000087008
ACP1	ENSG00000143727
ACSF3	ENSG00000176715
ACSL3	ENSG00000123983
ACSS2	ENSG00000131069
ACTR10	ENSG00000131966
ACTR1A	ENSG00000138107
ACTR1B	ENSG00000115073
ACTR5	ENSG00000101442
ACTR8	ENSG00000113812
ACVR1	ENSG00000115170
ACVR1B	ENSG00000135503
ADCK2	ENSG00000133597
ADCK4	ENSG00000123815
ADH5	ENSG00000197894
ADI1	ENSG00000182551
ADI1	 ENSG00000280830
ADIPOR1	ENSG00000159346
ADIPOR2	ENSG00000006831
ADK	ENSG00000156110
ADNP	ENSG00000101126
ADO	ENSG00000181915
ADPRH	ENSG00000144843
ADPRHL2	ENSG00000116863
ADPRM	ENSG00000170222
ADSL	ENSG00000239900
AES	ENSG00000104964
AFF4	ENSG00000072364
AFTPH	ENSG00000119844
AGFG1	ENSG00000173744
AGGF1	ENSG00000164252
AGPAT1	ENSG00000227642
AGPAT1	 ENSG00000226467
AGPAT1	 ENSG00000228892
AGPAT1	 ENSG00000204310
AGPAT1	 ENSG00000236873
AGPAT1	 ENSG00000235758
AGPAT1	 ENSG00000206324
AGPAT3	ENSG00000160216
AGPS	ENSG00000018510
AHCY	ENSG00000101444
AHSA1	ENSG00000100591
AIMP1	ENSG00000164022
AIP	ENSG00000110711
AK2	ENSG00000004455
AK3	ENSG00000147853
AKAP8	ENSG00000105127
AKAP9	ENSG00000127914
AKIP1	ENSG00000166452
AKIRIN1	ENSG00000174574
AKIRIN2	ENSG00000135334
AKR1A1	ENSG00000117448
AKR7A2	ENSG00000053371
AKT1	ENSG00000142208
AKT1S1	ENSG00000204673
AKTIP	ENSG00000166971
ALAD	ENSG00000148218
ALDH3A2	ENSG00000072210
ALDH9A1	ENSG00000143149
ALG11	ENSG00000253710
ALG5	ENSG00000120697
ALG8	ENSG00000159063
ALG9	ENSG00000086848
ALKBH1	ENSG00000100601
ALKBH2	ENSG00000189046
ALKBH3	ENSG00000166199
ALKBH5	ENSG00000091542
ALS2	ENSG00000003393
ALYREF	ENSG00000183684
AMBRA1	ENSG00000110497
AMD1	ENSG00000123505
ANAPC10	ENSG00000164162
ANAPC11	ENSG00000141552
ANAPC13	ENSG00000129055
ANAPC15	ENSG00000110200
ANAPC16	ENSG00000166295
ANAPC2	ENSG00000176248
ANAPC5	ENSG00000089053
ANAPC7	ENSG00000196510
ANKFY1	ENSG00000185722
ANKH	ENSG00000154122
ANKHD1	ENSG00000131503
ANKRD10	ENSG00000088448
ANKRD17	ENSG00000132466
ANKRD28	ENSG00000206560
ANKRD39	ENSG00000213337
ANKRD46	ENSG00000186106
ANO6	ENSG00000177119
ANP32A	ENSG00000140350
ANP32B	ENSG00000136938
ANP32E	ENSG00000143401
ANXA6	ENSG00000197043
ANXA7	ENSG00000138279
AP1B1	ENSG00000100280
AP1G1	ENSG00000166747
AP1M1	ENSG00000072958
AP2A1	ENSG00000196961
AP2A2	ENSG00000280759
AP2A2	 ENSG00000183020
AP2A2	 ENSG00000281385
AP2M1	ENSG00000161203
AP2S1	ENSG00000042753
AP3B1	ENSG00000132842
AP3D1	ENSG00000065000
AP3M1	ENSG00000185009
AP3S1	ENSG00000177879
AP3S2	ENSG00000157823
AP4B1	ENSG00000134262
AP5M1	ENSG00000053770
APEH	ENSG00000164062
APEX1	ENSG00000100823
APEX2	ENSG00000169188
APH1A	ENSG00000117362
API5	ENSG00000166181
APIP	ENSG00000149089
APOA1BP	ENSG00000163382
APOL2	ENSG00000128335
APOOL	ENSG00000155008
APOPT1	ENSG00000256053
APPL2	ENSG00000136044
APTX	ENSG00000137074
ARAF	ENSG00000078061
ARCN1	ENSG00000095139
ARF1	ENSG00000143761
ARF5	ENSG00000004059
ARF6	ENSG00000165527
ARFGAP2	ENSG00000149182
ARFGAP3	ENSG00000242247
ARFGEF2	ENSG00000124198
ARFIP1	ENSG00000164144
ARFIP2	ENSG00000132254
ARFRP1	ENSG00000101246
ARHGAP35	ENSG00000160007
ARHGAP5	ENSG00000100852
ARHGDIA	ENSG00000141522
ARHGEF10L	ENSG00000074964
ARHGEF11	ENSG00000132694
ARHGEF40	ENSG00000165801
ARIH1	ENSG00000166233
ARIH2	ENSG00000177479
ARIH2OS	ENSG00000221883
ARL1	ENSG00000120805
ARL14EP	ENSG00000152219
ARL5A	ENSG00000162980
ARL6IP4	ENSG00000182196
ARL8A	ENSG00000143862
ARL8B	ENSG00000134108
ARMC1	ENSG00000104442
ARMC10	ENSG00000170632
ARMC10	 ENSG00000282813
ARMC5	ENSG00000140691
ARMC6	ENSG00000105676
ARMC7	ENSG00000125449
ARMC8	ENSG00000114098
ARMCX3	ENSG00000102401
ARMCX5	ENSG00000125962
ARNT	ENSG00000143437
ARPC1A	ENSG00000241685
ARPC2	ENSG00000163466
ARPC5L	ENSG00000136950
ARV1	ENSG00000173409
ASB1	ENSG00000065802
ASB6	ENSG00000148331
ASB7	ENSG00000183475
ASB8	ENSG00000177981
ASCC1	ENSG00000138303
ASCC3	ENSG00000112249
ASF1A	ENSG00000111875
ASH2L	ENSG00000129691
ASNA1	ENSG00000198356
ASNSD1	ENSG00000138381
ASPSCR1	ENSG00000169696
ASUN	ENSG00000064102
ASXL1	ENSG00000171456
ATAD1	ENSG00000283024
ATAD1	 ENSG00000138138
ATAD3A	ENSG00000197785
ATE1	ENSG00000107669
ATF1	ENSG00000123268
ATF2	ENSG00000115966
ATF4	ENSG00000128272
ATF6	ENSG00000118217
ATF7	ENSG00000170653
ATF7IP	ENSG00000171681
ATG12	ENSG00000145782
ATG13	ENSG00000175224
ATG16L1	ENSG00000085978
ATG16L1	 ENSG00000281089
ATG2A	ENSG00000110046
ATG2B	ENSG00000066739
ATG3	ENSG00000144848
ATG4B	ENSG00000168397
ATG4D	ENSG00000130734
ATG5	ENSG00000057663
ATG7	ENSG00000197548
ATIC	ENSG00000138363
ATL2	ENSG00000119787
ATMIN	ENSG00000166454
ATOX1	ENSG00000177556
ATP2C1	ENSG00000017260
ATP5A1	ENSG00000152234
ATP5B	ENSG00000110955
ATP5C1	ENSG00000165629
ATP5D	ENSG00000099624
ATP5F1	ENSG00000116459
ATP5G2	ENSG00000135390
ATP5G3	ENSG00000154518
ATP5H	ENSG00000167863
ATP5J	ENSG00000154723
ATP5J2	ENSG00000241468
ATP5L	ENSG00000167283
ATP5O	ENSG00000241837
ATP5S	ENSG00000125375
ATP5SL	ENSG00000105341
ATP6AP1	ENSG00000071553
ATP6V0A2	ENSG00000185344
ATP6V0B	ENSG00000117410
ATP6V0C	ENSG00000185883
ATP6V0D1	ENSG00000159720
ATP6V0E1	ENSG00000113732
ATP6V1C1	ENSG00000155097
ATP6V1D	ENSG00000100554
ATP6V1E1	ENSG00000131100
ATP6V1F	ENSG00000128524
ATP6V1G1	ENSG00000136888
ATP6V1H	ENSG00000047249
ATPAF2	ENSG00000171953
ATPIF1	ENSG00000130770
ATRAID	ENSG00000138085
ATRN	ENSG00000088812
ATXN10	ENSG00000130638
ATXN1L	ENSG00000224470
ATXN2	ENSG00000204842
ATXN2L	ENSG00000168488
ATXN7L3	ENSG00000087152
ATXN7L3B	ENSG00000253719
AUH	ENSG00000148090
AUP1	ENSG00000115307
AURKAIP1	ENSG00000175756
AXIN1	ENSG00000103126
AZI2	ENSG00000163512
AZIN1	ENSG00000155096
B3GALT6	ENSG00000176022
B4GALT3	ENSG00000158850
B4GALT5	ENSG00000158470
B4GALT7	ENSG00000027847
BABAM1	ENSG00000105393
BAD	ENSG00000002330
BAG1	ENSG00000107262
BAG4	ENSG00000156735
BAG6	ENSG00000234651
BAG6	 ENSG00000096155
BAG6	 ENSG00000227761
BAG6	 ENSG00000233348
BAG6	 ENSG00000229524
BAG6	 ENSG00000204463
BAG6	 ENSG00000228760
BAHD1	ENSG00000140320
BANF1	ENSG00000175334
BAP1	ENSG00000163930
BAZ1B	ENSG00000009954
BBS4	ENSG00000140463
BCAP29	ENSG00000075790
BCAP31	ENSG00000185825
BCAS2	ENSG00000116752
BCAT2	ENSG00000105552
BCCIP	ENSG00000107949
BCKDHA	ENSG00000248098
BCKDK	ENSG00000103507
BCL2L1	ENSG00000171552
BCL2L13	ENSG00000099968
BCL7B	ENSG00000106635
BCLAF1	ENSG00000029363
BCS1L	ENSG00000074582
BECN1	ENSG00000126581
BFAR	ENSG00000275618
BFAR	 ENSG00000103429
BIRC2	ENSG00000110330
BLMH	ENSG00000108578
BLOC1S1	ENSG00000135441
BLOC1S2	ENSG00000196072
BLOC1S3	ENSG00000189114
BLOC1S4	ENSG00000186222
BLOC1S6	ENSG00000104164
BLZF1	ENSG00000117475
BMI1	ENSG00000168283
BMS1	ENSG00000165733
BNIP1	ENSG00000113734
BNIP2	ENSG00000140299
BOD1	ENSG00000145919
BOLA1	ENSG00000178096
BOLA3	ENSG00000163170
BPGM	ENSG00000172331
BPNT1	ENSG00000162813
BPTF	ENSG00000171634
BRAT1	ENSG00000106009
BRD2	ENSG00000230678
BRD2	 ENSG00000235307
BRD2	 ENSG00000215077
BRD2	 ENSG00000234704
BRD2	 ENSG00000204256
BRD2	 ENSG00000236227
BRD2	 ENSG00000234507
BRD4	ENSG00000141867
BRD7	ENSG00000166164
BRD9	ENSG00000028310
BRE	ENSG00000158019
BRF1	ENSG00000185024
BRF2	ENSG00000104221
BRIX1	ENSG00000113460
BRK1	ENSG00000254999
BRMS1	ENSG00000174744
BRPF1	ENSG00000156983
BRPF3	ENSG00000096070
BSDC1	ENSG00000160058
BSG	ENSG00000172270
BTBD2	ENSG00000133243
BTD	ENSG00000169814
BTF3	ENSG00000145741
BUB3	ENSG00000154473
BZW1	ENSG00000082153
C10orf12	ENSG00000155640
C10orf2	ENSG00000107815
C10orf76	ENSG00000120029
C10orf88	ENSG00000119965
C11orf1	ENSG00000137720
C11orf24	ENSG00000171067
C11orf31	ENSG00000211450
C11orf57	ENSG00000150776
C11orf58	ENSG00000110696
C11orf73	ENSG00000149196
C12orf10	ENSG00000139637
C12orf29	ENSG00000133641
C12orf45	ENSG00000151131
C12orf57	ENSG00000111678
C12orf65	ENSG00000130921
C12orf66	ENSG00000174206
C14orf1	ENSG00000133935
C14orf119	ENSG00000179933
C14orf142	ENSG00000275619
C14orf142	 ENSG00000170270
C14orf166	ENSG00000087302
C14orf2	ENSG00000156411
C14orf28	ENSG00000179476
C15orf57	ENSG00000128891
C16orf13	ENSG00000130731
C16orf62	ENSG00000103544
C16orf72	ENSG00000182831
C16orf91	ENSG00000174109
C17orf49	ENSG00000258315
C17orf51	ENSG00000212719
C17orf58	ENSG00000186665
C18orf21	ENSG00000141428
C18orf25	ENSG00000152242
C18orf32	ENSG00000177576
C18orf8	ENSG00000141452
C19orf43	ENSG00000123144
C19orf53	ENSG00000104979
C19orf60	ENSG00000006015
C19orf70	ENSG00000174917
C1GALT1	ENSG00000106392
C1QBP	ENSG00000108561
C1orf109	ENSG00000116922
C1orf122	ENSG00000197982
C1orf123	ENSG00000162384
C1orf174	ENSG00000198912
C1orf43	ENSG00000143612
C1orf50	ENSG00000164008
C1orf52	ENSG00000162642
C20orf24	ENSG00000101084
C21orf2	ENSG00000160226
C21orf33	ENSG00000160221
C21orf59	ENSG00000159079
C22orf29	ENSG00000215012
C2orf47	ENSG00000162972
C2orf49	ENSG00000135974
C2orf69	ENSG00000178074
C2orf74	ENSG00000237651
C2orf76	ENSG00000186132
C3orf17	ENSG00000163608
C3orf38	ENSG00000179021
C3orf58	ENSG00000181744
C4orf27	ENSG00000056050
C4orf3	ENSG00000164096
C5orf15	ENSG00000113583
C5orf24	ENSG00000181904
C6orf1	ENSG00000186577
C6orf106	ENSG00000196821
C6orf120	ENSG00000185127
C6orf136	ENSG00000224120
C6orf136	 ENSG00000233641
C6orf136	 ENSG00000237100
C6orf136	 ENSG00000204564
C6orf136	 ENSG00000237012
C6orf136	 ENSG00000206487
C6orf136	 ENSG00000233164
C6orf226	ENSG00000221821
C6orf47	ENSG00000228435
C6orf47	 ENSG00000228177
C6orf47	 ENSG00000226103
C6orf47	 ENSG00000226531
C6orf47	 ENSG00000235360
C6orf47	 ENSG00000204439
C6orf47	 ENSG00000203623
C6orf62	ENSG00000112308
C6orf89	ENSG00000198663
C7orf25	ENSG00000136197
C7orf26	ENSG00000146576
C7orf49	ENSG00000122783
C7orf50	ENSG00000146540
C7orf55	ENSG00000164898
C7orf73	ENSG00000243317
C8orf33	ENSG00000182307
C8orf59	ENSG00000176731
C8orf76	ENSG00000189376
C8orf82	ENSG00000213563
C9orf16	ENSG00000171159
C9orf64	ENSG00000165118
C9orf69	ENSG00000238227
C9orf78	ENSG00000136819
CAB39	ENSG00000135932
CALCOCO2	ENSG00000136436
CALM1	ENSG00000198668
CALR	ENSG00000179218
CALU	ENSG00000128595
CAMTA1	ENSG00000171735
CAMTA2	ENSG00000108509
CANT1	ENSG00000171302
CANX	ENSG00000127022
CAPN1	ENSG00000014216
CAPN7	ENSG00000131375
CAPNS1	ENSG00000126247
CAPRIN1	ENSG00000135387
CAPZA2	ENSG00000198898
CAPZB	ENSG00000077549
CARKD	ENSG00000213995
CARS	ENSG00000278191
CARS	 ENSG00000110619
CARS2	ENSG00000134905
CASC3	ENSG00000108349
CASC4	ENSG00000166734
CASP3	ENSG00000164305
CASP7	ENSG00000165806
CASP9	ENSG00000132906
CBR4	ENSG00000145439
CBX3	ENSG00000122565
CBX5	ENSG00000094916
CC2D1A	ENSG00000132024
CC2D1B	ENSG00000154222
CCAR1	ENSG00000060339
CCBL1	ENSG00000171097
CCDC12	ENSG00000160799
CCDC124	ENSG00000007080
CCDC127	ENSG00000164366
CCDC130	ENSG00000104957
CCDC137	ENSG00000185298
CCDC149	ENSG00000181982
CCDC174	ENSG00000154781
CCDC22	ENSG00000101997
CCDC25	ENSG00000147419
CCDC47	ENSG00000108588
CCDC50	ENSG00000152492
CCDC51	ENSG00000164051
CCDC59	ENSG00000133773
CCDC71	ENSG00000177352
CCDC86	ENSG00000110104
CCDC92	ENSG00000275035
CCDC92	 ENSG00000119242
CCDC94	ENSG00000105248
CCM2	ENSG00000136280
CCNB1IP1	ENSG00000100814
CCNDBP1	ENSG00000166946
CCNG1	ENSG00000113328
CCNH	ENSG00000134480
CCNK	ENSG00000090061
CCNL1	ENSG00000163660
CCNL2	ENSG00000221978
CCNY	ENSG00000108100
CCPG1	ENSG00000260916
CCT3	ENSG00000163468
CCT4	ENSG00000115484
CCT5	ENSG00000150753
CCT6A	ENSG00000146731
CCT7	ENSG00000135624
CCT8	ENSG00000156261
CD164	ENSG00000135535
CD320	ENSG00000167775
CD46	ENSG00000117335
CD63	ENSG00000135404
CD81	ENSG00000110651
CD82	ENSG00000085117
CD99L2	ENSG00000102181
CDC123	ENSG00000151465
CDC16	ENSG00000130177
CDC23	ENSG00000094880
CDC27	ENSG00000004897
CDC37	ENSG00000105401
CDC37L1	ENSG00000106993
CDC40	ENSG00000168438
CDC42	ENSG00000070831
CDC5L	ENSG00000096401
CDIP1	ENSG00000089486
CDIP1	 ENSG00000274336
CDIPT	ENSG00000103502
CDK12	ENSG00000167258
CDK13	ENSG00000065883
CDK16	ENSG00000102225
CDK2AP1	ENSG00000111328
CDK4	ENSG00000135446
CDK5RAP1	ENSG00000101391
CDK8	ENSG00000132964
CDK9	ENSG00000136807
CDS2	ENSG00000101290
CDV3	ENSG00000091527
CDYL	ENSG00000153046
CEBPG	ENSG00000153879
CEBPZ	ENSG00000115816
CECR5	ENSG00000069998
CELF1	ENSG00000149187
CENPB	ENSG00000125817
CENPT	ENSG00000102901
CEP104	ENSG00000116198
CEP57	ENSG00000166037
CEP63	ENSG00000182923
CERK	ENSG00000100422
CERS2	ENSG00000143418
CGGBP1	ENSG00000163320
CHAMP1	ENSG00000198824
CHCHD1	ENSG00000172586
CHCHD2	ENSG00000106153
CHCHD3	ENSG00000106554
CHCHD4	ENSG00000163528
CHCHD5	ENSG00000125611
CHCHD7	ENSG00000170791
CHD1L	ENSG00000131778
CHD4	ENSG00000111642
CHD8	ENSG00000100888
CHERP	ENSG00000085872
CHID1	ENSG00000177830
CHKB	ENSG00000100288
CHMP1A	ENSG00000131165
CHMP2A	ENSG00000130724
CHMP2B	ENSG00000083937
CHMP4A	ENSG00000254505
CHMP4B	ENSG00000101421
CHMP5	ENSG00000086065
CHMP6	ENSG00000176108
CHP1	ENSG00000187446
CHPT1	ENSG00000111666
CHRAC1	ENSG00000104472
CHST12	ENSG00000136213
CHST7	ENSG00000147119
CHTOP	ENSG00000160679
CHUK	ENSG00000213341
CHURC1	ENSG00000258289
CIAO1	ENSG00000144021
CIB1	ENSG00000185043
CIC	ENSG00000079432
CINP	ENSG00000100865
CIR1	ENSG00000138433
CISD1	ENSG00000122873
CISD2	ENSG00000145354
CISD3	ENSG00000277972
CISD3	 ENSG00000274768
CKAP4	ENSG00000136026
CLCC1	ENSG00000121940
CLCN3	ENSG00000109572
CLCN7	ENSG00000103249
CLINT1	ENSG00000113282
CLK3	ENSG00000179335
CLNS1A	ENSG00000074201
CLOCK	ENSG00000134852
CLP1	ENSG00000172409
CLPP	ENSG00000125656
CLPTM1	ENSG00000104853
CLPTM1L	ENSG00000274811
CLPTM1L	 ENSG00000049656
CLPX	ENSG00000166855
CLTA	ENSG00000122705
CLTB	ENSG00000175416
CLTC	ENSG00000141367
CMAS	ENSG00000111726
CMC1	ENSG00000187118
CMC2	ENSG00000103121
CMC4	ENSG00000182712
CMPK1	ENSG00000162368
CNBP	ENSG00000169714
CNIH4	ENSG00000143771
CNNM2	ENSG00000148842
CNNM3	ENSG00000168763
CNOT1	ENSG00000125107
CNOT11	ENSG00000158435
CNOT2	ENSG00000111596
CNOT3	ENSG00000276082
CNOT3	 ENSG00000275979
CNOT3	 ENSG00000274941
CNOT3	 ENSG00000277114
CNOT3	 ENSG00000273943
CNOT3	 ENSG00000274616
CNOT3	 ENSG00000277615
CNOT3	 ENSG00000088038
CNOT3	 ENSG00000274176
CNOT3	 ENSG00000277600
CNOT4	ENSG00000080802
CNOT7	ENSG00000198791
CNST	ENSG00000162852
COA1	ENSG00000106603
COA3	ENSG00000183978
COA4	ENSG00000181924
COA5	ENSG00000183513
COA6	ENSG00000168275
COASY	ENSG00000068120
COG1	ENSG00000166685
COG2	ENSG00000135775
COG3	ENSG00000136152
COG4	ENSG00000103051
COG7	ENSG00000168434
COG8	ENSG00000213380
COMMD1	ENSG00000173163
COMMD10	ENSG00000145781
COMMD3	ENSG00000148444
COMMD5	ENSG00000170619
COMMD6	ENSG00000188243
COMMD7	ENSG00000149600
COMMD9	ENSG00000110442
COMT	ENSG00000093010
COPA	ENSG00000122218
COPB1	ENSG00000129083
COPB2	ENSG00000184432
COPE	ENSG00000105669
COPG1	ENSG00000181789
COPS2	ENSG00000166200
COPS3	ENSG00000141030
COPS4	ENSG00000138663
COPS5	ENSG00000121022
COPS6	ENSG00000168090
COPS7A	ENSG00000111652
COPS7B	ENSG00000144524
COPS8	ENSG00000198612
COPZ1	ENSG00000111481
COQ10B	ENSG00000115520
COQ2	ENSG00000173085
COQ4	ENSG00000167113
COQ5	ENSG00000110871
COQ6	ENSG00000119723
CORO1C	ENSG00000110880
COX11	ENSG00000166260
COX14	ENSG00000178449
COX15	ENSG00000014919
COX16	ENSG00000133983
COX19	ENSG00000240230
COX20	ENSG00000203667
COX4I1	ENSG00000131143
COX5B	ENSG00000135940
COX6B1	ENSG00000126267
COX6C	ENSG00000164919
COX7A2	ENSG00000112695
COX7A2L	ENSG00000115944
COX7C	ENSG00000127184
COX8A	ENSG00000176340
CPD	ENSG00000108582
CPNE1	ENSG00000214078
CPNE2	ENSG00000140848
CPNE3	ENSG00000085719
CPOX	ENSG00000080819
CPSF2	ENSG00000165934
CPSF3L	ENSG00000127054
CPSF4	ENSG00000160917
CPSF6	ENSG00000111605
CPSF7	ENSG00000149532
CRADD	ENSG00000169372
CRBN	ENSG00000113851
CRCP	ENSG00000241258
CREB3	ENSG00000107175
CREBZF	ENSG00000137504
CREG1	ENSG00000143162
CRELD1	ENSG00000163703
CRIPAK	ENSG00000179979
CRIPT	ENSG00000119878
CRK	ENSG00000167193
CRKL	ENSG00000099942
CRLS1	ENSG00000088766
CRNKL1	ENSG00000101343
CRTC2	ENSG00000160741
CRY2	ENSG00000121671
CSGALNACT2	ENSG00000169826
CSNK1A1	ENSG00000113712
CSNK1A1L	ENSG00000180138
CSNK1D	ENSG00000141551
CSNK1G3	ENSG00000151292
CSNK2A3	ENSG00000254598
CSNK2B	ENSG00000228875
CSNK2B	 ENSG00000232960
CSNK2B	 ENSG00000224398
CSNK2B	 ENSG00000206406
CSNK2B	 ENSG00000230700
CSNK2B	 ENSG00000224774
CSNK2B	 ENSG00000204435
CSRP2BP	ENSG00000149474
CST3	ENSG00000101439
CSTB	ENSG00000160213
CSTF1	ENSG00000101138
CSTF2T	ENSG00000177613
CTAGE5	ENSG00000150527
CTBP1	ENSG00000159692
CTCF	ENSG00000102974
CTDSP2	ENSG00000175215
CTNNA1	ENSG00000044115
CTNNB1	ENSG00000168036
CTNNBIP1	ENSG00000178585
CTNNBL1	ENSG00000132792
CTNND1	ENSG00000198561
CTSA	ENSG00000064601
CTSD	ENSG00000117984
CTTN	ENSG00000085733
CTU2	ENSG00000174177
CUEDC2	ENSG00000107874
CUL1	ENSG00000055130
CUL2	ENSG00000108094
CUL4A	ENSG00000139842
CUL4B	ENSG00000158290
CUL5	ENSG00000166266
CUTA	ENSG00000226492
CUTA	 ENSG00000112514
CUX1	ENSG00000257923
CWC15	ENSG00000150316
CWC22	ENSG00000163510
CWC25	ENSG00000276761
CWC25	 ENSG00000273559
CXXC1	ENSG00000154832
CXXC5	ENSG00000171604
CXorf40A	ENSG00000197620
CXorf40B	ENSG00000197021
CXorf56	ENSG00000018610
CYB5B	ENSG00000103018
CYB5D2	ENSG00000167740
CYB5R3	ENSG00000100243
CYC1	ENSG00000179091
CYFIP1	ENSG00000280618
CYFIP1	 ENSG00000273749
CYHR1	ENSG00000187954
CYP2U1	ENSG00000155016
D2HGDH	ENSG00000180902
DAD1	ENSG00000129562
DAG1	ENSG00000173402
DAGLB	ENSG00000164535
DALRD3	ENSG00000178149
DAP3	ENSG00000132676
DARS	ENSG00000115866
DARS2	ENSG00000117593
DAXX	ENSG00000231617
DAXX	 ENSG00000206279
DAXX	 ENSG00000229396
DAXX	 ENSG00000204209
DAXX	 ENSG00000206206
DAXX	 ENSG00000227046
DAZAP1	ENSG00000071626
DBT	ENSG00000137992
DCAF10	ENSG00000122741
DCAF11	ENSG00000100897
DCAF12	ENSG00000198876
DCAF13	ENSG00000164934
DCAF5	ENSG00000139990
DCAF7	ENSG00000136485
DCAF8	ENSG00000132716
DCAKD	ENSG00000172992
DCTD	ENSG00000129187
DCTN2	ENSG00000175203
DCTN3	ENSG00000137100
DCTN4	ENSG00000132912
DCTN5	ENSG00000166847
DCTN6	ENSG00000104671
DCTPP1	ENSG00000179958
DCUN1D3	ENSG00000188215
DCUN1D4	ENSG00000109184
DCUN1D5	ENSG00000137692
DDA1	ENSG00000130311
DDB1	ENSG00000167986
DDB2	ENSG00000134574
DDOST	ENSG00000244038
DDRGK1	ENSG00000198171
DDX1	ENSG00000079785
DDX10	ENSG00000178105
DDX17	ENSG00000100201
DDX18	ENSG00000088205
DDX19A	ENSG00000168872
DDX19B	ENSG00000157349
DDX21	ENSG00000165732
DDX23	ENSG00000174243
DDX24	ENSG00000089737
DDX24	 ENSG00000273761
DDX27	ENSG00000124228
DDX39B	ENSG00000237889
DDX39B	 ENSG00000230624
DDX39B	 ENSG00000235439
DDX39B	 ENSG00000198563
DDX39B	 ENSG00000229496
DDX39B	 ENSG00000225073
DDX39B	 ENSG00000225859
DDX39B	 ENSG00000215425
DDX3X	ENSG00000215301
DDX41	ENSG00000183258
DDX42	ENSG00000198231
DDX46	ENSG00000145833
DDX47	ENSG00000213782
DDX49	ENSG00000105671
DDX54	ENSG00000123064
DDX56	ENSG00000136271
DDX59	ENSG00000118197
DEDD	ENSG00000158796
DEF8	ENSG00000140995
DEGS1	ENSG00000143753
DEK	ENSG00000124795
DENND1A	ENSG00000119522
DENND4A	ENSG00000174485
DENR	ENSG00000139726
DERA	ENSG00000023697
DERL1	ENSG00000136986
DERL2	ENSG00000072849
DESI1	ENSG00000100418
DEXI	ENSG00000182108
DFFA	ENSG00000160049
DGCR14	ENSG00000100056
DGCR2	ENSG00000070413
DGCR6L	ENSG00000128185
DHPS	ENSG00000095059
DHRS12	ENSG00000102796
DHRS7B	ENSG00000109016
DHX15	ENSG00000109606
DHX16	ENSG00000227222
DHX16	 ENSG00000233418
DHX16	 ENSG00000206486
DHX16	 ENSG00000233049
DHX16	 ENSG00000204560
DHX16	 ENSG00000231377
DHX16	 ENSG00000233561
DHX16	 ENSG00000226171
DHX29	ENSG00000067248
DHX30	ENSG00000132153
DHX32	ENSG00000089876
DHX33	ENSG00000005100
DHX36	ENSG00000281763
DHX36	 ENSG00000174953
DHX38	ENSG00000140829
DHX8	ENSG00000067596
DHX9	ENSG00000135829
DIABLO	ENSG00000184047
DIDO1	ENSG00000101191
DIEXF	ENSG00000117597
DIMT1	ENSG00000086189
DIRC2	ENSG00000138463
DIS3	ENSG00000083520
DIS3L2	ENSG00000144535
DKC1	ENSG00000130826
DLD	ENSG00000091140
DLG1	ENSG00000075711
DLGAP4	ENSG00000080845
DLST	ENSG00000119689
DMAP1	ENSG00000178028
DNAAF2	ENSG00000165506
DNAJA2	ENSG00000069345
DNAJA3	ENSG00000103423
DNAJA3	 ENSG00000276726
DNAJB11	ENSG00000090520
DNAJB12	ENSG00000148719
DNAJB9	ENSG00000128590
DNAJC10	ENSG00000077232
DNAJC11	ENSG00000007923
DNAJC14	ENSG00000135392
DNAJC17	ENSG00000104129
DNAJC19	ENSG00000205981
DNAJC2	ENSG00000105821
DNAJC21	ENSG00000168724
DNAJC3	ENSG00000102580
DNAJC4	ENSG00000110011
DNAJC5	ENSG00000101152
DNAJC7	ENSG00000168259
DNAJC8	ENSG00000126698
DNAJC9	ENSG00000213551
DNASE2	ENSG00000105612
DNLZ	ENSG00000213221
DNM1L	ENSG00000087470
DNM2	ENSG00000079805
DNTTIP1	ENSG00000101457
DNTTIP2	ENSG00000067334
DOHH	ENSG00000129932
DOLK	ENSG00000175283
DPAGT1	ENSG00000172269
DPH1	ENSG00000108963
DPH2	ENSG00000132768
DPH3	ENSG00000154813
DPH5	ENSG00000117543
DPM1	ENSG00000000419
DPP7	ENSG00000176978
DPY30	ENSG00000162961
DR1	ENSG00000117505
DRAM2	ENSG00000156171
DRAP1	ENSG00000175550
DRG2	ENSG00000108591
DROSHA	ENSG00000113360
DSCR3	ENSG00000157538
DTWD1	ENSG00000104047
DUSP11	ENSG00000144048
DUSP14	ENSG00000275932
DUSP14	 ENSG00000276023
DUSP16	ENSG00000280962
DUSP16	 ENSG00000111266
DUSP22	ENSG00000112679
DUT	ENSG00000128951
DVL3	ENSG00000161202
DYM	ENSG00000141627
DYNC1LI1	ENSG00000144635
DYNLL2	ENSG00000264364
DYNLRB1	ENSG00000125971
DYNLT1	ENSG00000146425
E2F4	ENSG00000205250
E4F1	ENSG00000167967
EAF1	ENSG00000144597
EAPP	ENSG00000129518
EARS2	ENSG00000103356
EBAG9	ENSG00000147654
EBNA1BP2	ENSG00000117395
ECD	ENSG00000122882
ECH1	ENSG00000104823
ECHDC1	ENSG00000093144
ECHS1	ENSG00000127884
ECI1	ENSG00000167969
ECI2	ENSG00000198721
ECSIT	ENSG00000130159
EDC3	ENSG00000179151
EDC4	ENSG00000038358
EDEM3	ENSG00000116406
EDF1	ENSG00000107223
EED	ENSG00000074266
EEF1B2	ENSG00000114942
EEF1E1	ENSG00000124802
EEF2	ENSG00000167658
EEFSEC	ENSG00000132394
EFCAB14	ENSG00000159658
EFR3A	ENSG00000132294
EFTUD2	ENSG00000108883
EGLN2	ENSG00000269858
EHMT1	ENSG00000181090
EI24	ENSG00000149547
EID2	ENSG00000176396
EIF1	ENSG00000173812
EIF1AD	ENSG00000175376
EIF1B	ENSG00000114784
EIF2A	ENSG00000144895
EIF2AK1	ENSG00000086232
EIF2AK3	ENSG00000172071
EIF2AK4	ENSG00000128829
EIF2B2	ENSG00000119718
EIF2B3	ENSG00000070785
EIF2B4	ENSG00000115211
EIF2B5	ENSG00000145191
EIF2D	ENSG00000143486
EIF2S1	ENSG00000134001
EIF2S2	ENSG00000125977
EIF3A	ENSG00000107581
EIF3B	ENSG00000106263
EIF3D	ENSG00000100353
EIF3E	ENSG00000104408
EIF3G	ENSG00000130811
EIF3H	ENSG00000147677
EIF3I	ENSG00000084623
EIF3J	ENSG00000104131
EIF3K	ENSG00000282986
EIF3K	 ENSG00000178982
EIF3L	ENSG00000100129
EIF3M	ENSG00000149100
EIF4A1	ENSG00000161960
EIF4A3	ENSG00000141543
EIF4E2	ENSG00000135930
EIF4G1	ENSG00000114867
EIF4G2	ENSG00000110321
EIF4G3	ENSG00000075151
EIF4H	ENSG00000106682
EIF5	ENSG00000100664
EIF5A	ENSG00000132507
EIF5AL1	ENSG00000253626
EIF5B	ENSG00000158417
EIF6	ENSG00000242372
ELAC2	ENSG00000006744
ELAVL1	ENSG00000066044
ELF2	ENSG00000109381
ELK1	ENSG00000126767
ELK4	ENSG00000158711
ELL2	ENSG00000118985
ELMOD3	ENSG00000115459
ELOVL1	ENSG00000066322
ELP2	ENSG00000134759
ELP3	ENSG00000134014
ELP4	ENSG00000109911
ELP6	ENSG00000163832
EMC1	ENSG00000127463
EMC10	ENSG00000161671
EMC2	ENSG00000104412
EMC3	ENSG00000125037
EMC4	ENSG00000128463
EMC6	ENSG00000127774
EMC7	ENSG00000134153
EMC8	ENSG00000131148
EMC9	ENSG00000100908
EMD	ENSG00000102119
EMG1	ENSG00000126749
ENDOG	ENSG00000167136
ENOPH1	ENSG00000145293
ENSA	ENSG00000143420
ENTPD4	ENSG00000197217
ENTPD6	ENSG00000197586
ENY2	ENSG00000120533
EPC1	ENSG00000120616
EPM2AIP1	ENSG00000178567
EPN1	ENSG00000063245
EPRS	ENSG00000136628
ERAL1	ENSG00000132591
ERAP1	ENSG00000164307
ERCC1	ENSG00000012061
ERCC2	ENSG00000104884
ERCC3	ENSG00000163161
ERCC5	ENSG00000134899
ERGIC2	ENSG00000087502
ERGIC3	ENSG00000125991
ERH	ENSG00000100632
ERI3	ENSG00000117419
ERICH1	ENSG00000104714
ERICH1	 ENSG00000282665
ERLEC1	ENSG00000068912
ERP44	ENSG00000023318
ESD	ENSG00000139684
ESF1	ENSG00000089048
ETF1	ENSG00000120705
ETFA	ENSG00000140374
ETFB	ENSG00000105379
ETV6	ENSG00000139083
EWSR1	ENSG00000182944
EXD2	ENSG00000081177
EXOC1	ENSG00000090989
EXOC2	ENSG00000112685
EXOC3	ENSG00000180104
EXOC4	ENSG00000131558
EXOC7	ENSG00000182473
EXOC8	ENSG00000116903
EXOSC1	ENSG00000171311
EXOSC10	ENSG00000171824
EXOSC2	ENSG00000130713
EXOSC4	ENSG00000178896
EXOSC7	ENSG00000075914
EXOSC8	ENSG00000120699
EXT2	ENSG00000151348
EXTL3	ENSG00000012232
FADD	ENSG00000168040
FAF1	ENSG00000185104
FAF2	ENSG00000113194
FAHD1	ENSG00000180185
FAM104B	ENSG00000182518
FAM114A2	ENSG00000055147
FAM118B	ENSG00000197798
FAM120A	ENSG00000048828
FAM120AOS	ENSG00000188938
FAM120B	ENSG00000112584
FAM120B	 ENSG00000275333
FAM122A	ENSG00000187866
FAM127B	ENSG00000203950
FAM134A	ENSG00000144567
FAM134C	ENSG00000141699
FAM136A	ENSG00000035141
FAM149B1	ENSG00000138286
FAM160A2	ENSG00000051009
FAM160B1	ENSG00000151553
FAM160B2	ENSG00000158863
FAM162A	ENSG00000114023
FAM168B	ENSG00000152102
FAM173A	ENSG00000103254
FAM173B	ENSG00000150756
FAM174A	ENSG00000174132
FAM175B	ENSG00000165660
FAM177A1	ENSG00000151327
FAM192A	ENSG00000172775
FAM199X	ENSG00000123575
FAM200A	ENSG00000221909
FAM204A	ENSG00000165669
FAM206A	ENSG00000119328
FAM208B	ENSG00000108021
FAM20B	ENSG00000116199
FAM210B	ENSG00000124098
FAM32A	ENSG00000105058
FAM35A	ENSG00000122376
FAM3A	ENSG00000071889
FAM50A	ENSG00000071859
FAM50B	ENSG00000145945
FAM58A	ENSG00000262919
FAM63A	ENSG00000143409
FAM73B	ENSG00000148343
FAM8A1	ENSG00000137414
FAM96A	ENSG00000166797
FAM96B	ENSG00000166595
FAM98A	ENSG00000119812
FARS2	ENSG00000145982
FARSA	ENSG00000179115
FARSB	ENSG00000116120
FASTK	ENSG00000164896
FASTKD2	ENSG00000118246
FASTKD5	ENSG00000215251
FBRSL1	ENSG00000112787
FBXL15	ENSG00000107872
FBXL17	ENSG00000145743
FBXL3	ENSG00000005812
FBXL4	ENSG00000112234
FBXL5	ENSG00000118564
FBXL6	ENSG00000182325
FBXO11	ENSG00000138081
FBXO18	ENSG00000134452
FBXO22	ENSG00000167196
FBXO28	ENSG00000143756
FBXO3	ENSG00000110429
FBXO38	ENSG00000145868
FBXO42	ENSG00000037637
FBXO45	ENSG00000174013
FBXO6	ENSG00000116663
FBXO7	ENSG00000100225
FBXW11	ENSG00000072803
FBXW2	ENSG00000119402
FBXW4	ENSG00000107829
FBXW5	ENSG00000159069
FBXW7	ENSG00000109670
FCF1	ENSG00000119616
FDFT1	ENSG00000079459
FDPS	ENSG00000160752
FDX1	ENSG00000137714
FECH	ENSG00000066926
FEM1C	ENSG00000145780
FEN1	ENSG00000168496
FEZ2	ENSG00000171055
FGFR1OP2	ENSG00000111790
FH	ENSG00000091483
FIBP	ENSG00000172500
FICD	ENSG00000198855
FIP1L1	ENSG00000145216
FIS1	ENSG00000214253
FIZ1	ENSG00000179943
FKBP3	ENSG00000100442
FKBP8	ENSG00000105701
FKBPL	ENSG00000230907
FKBPL	 ENSG00000223666
FKBPL	 ENSG00000204315
FKBPL	 ENSG00000224200
FKRP	ENSG00000181027
FLAD1	ENSG00000160688
FLCN	ENSG00000154803
FLOT1	ENSG00000224740
FLOT1	 ENSG00000137312
FLOT1	 ENSG00000223654
FLOT1	 ENSG00000232280
FLOT1	 ENSG00000206480
FLOT1	 ENSG00000206379
FLOT1	 ENSG00000230143
FLOT1	 ENSG00000236271
FLOT2	ENSG00000132589
FNDC3A	ENSG00000102531
FNTA	ENSG00000168522
FNTB	ENSG00000257365
FOPNL	ENSG00000276914
FOPNL	 ENSG00000133393
FOXK2	ENSG00000141568
FOXP4	ENSG00000137166
FOXRED1	ENSG00000110074
FPGS	ENSG00000136877
FPGT	ENSG00000254685
FRA10AC1	ENSG00000148690
FTO	ENSG00000140718
FTSJ1	ENSG00000068438
FTSJ2	ENSG00000122687
FTSJ3	ENSG00000108592
FUBP1	ENSG00000162613
FUK	ENSG00000157353
FUNDC2	ENSG00000165775
FXN	ENSG00000165060
FYTTD1	ENSG00000122068
FZR1	ENSG00000105325
G3BP1	ENSG00000145907
GAA	ENSG00000171298
GABARAP	ENSG00000170296
GABARAPL2	ENSG00000034713
GABPB1	ENSG00000104064
GADD45GIP1	ENSG00000179271
GALK2	ENSG00000156958
GALNS	ENSG00000141012
GALNT1	ENSG00000141429
GALNT2	ENSG00000143641
GALT	ENSG00000213930
GANAB	ENSG00000089597
GAPVD1	ENSG00000165219
GARS	ENSG00000106105
GART	ENSG00000159131
GART	 ENSG00000262473
GATAD2A	ENSG00000167491
GATAD2B	ENSG00000143614
GATAD2B	 ENSG00000261992
GATC	ENSG00000257218
GBA	ENSG00000177628
GBA	 ENSG00000262446
GBA2	ENSG00000070610
GBF1	ENSG00000107862
GCC1	ENSG00000179562
GCDH	ENSG00000105607
GCLC	ENSG00000001084
GCLM	ENSG00000023909
GDE1	ENSG00000006007
GDI2	ENSG00000057608
GDPGP1	ENSG00000183208
GEMIN7	ENSG00000142252
GEMIN8	ENSG00000046647
GET4	ENSG00000239857
GFER	ENSG00000127554
GFM1	ENSG00000168827
GFOD2	ENSG00000141098
GGCT	ENSG00000006625
GGNBP2	ENSG00000278311
GGNBP2	 ENSG00000275099
GGT7	ENSG00000131067
GHDC	ENSG00000167925
GHITM	ENSG00000165678
GID8	ENSG00000101193
GINM1	ENSG00000055211
GIPC1	ENSG00000123159
GLCE	ENSG00000138604
GLE1	ENSG00000119392
GLG1	ENSG00000090863
GLI4	ENSG00000250571
GLO1	ENSG00000124767
GLRX2	ENSG00000023572
GLRX3	ENSG00000108010
GLRX5	ENSG00000182512
GLT8D1	ENSG00000016864
GLTP	ENSG00000139433
GLYR1	ENSG00000140632
GMPPA	ENSG00000144591
GMPR2	ENSG00000100938
GNB1	ENSG00000078369
GNB2	ENSG00000172354
GNE	ENSG00000159921
GNL2	ENSG00000134697
GNL3	ENSG00000163938
GNPAT	ENSG00000116906
GNPDA1	ENSG00000113552
GNPNAT1	ENSG00000100522
GNPTG	ENSG00000090581
GNS	ENSG00000135677
GOLGA1	ENSG00000136935
GOLGA2	ENSG00000167110
GOLGA3	ENSG00000090615
GOLGA5	ENSG00000066455
GOLGA7	ENSG00000147533
GOLGB1	ENSG00000173230
GOLPH3	ENSG00000113384
GOLT1B	ENSG00000111711
GOPC	ENSG00000047932
GORASP1	ENSG00000114745
GORASP2	ENSG00000115806
GOSR1	ENSG00000108587
GOSR2	ENSG00000108433
GPAA1	ENSG00000197858
GPANK1	ENSG00000206408
GPANK1	 ENSG00000204438
GPANK1	 ENSG00000233210
GPANK1	 ENSG00000228605
GPANK1	 ENSG00000236011
GPANK1	 ENSG00000223932
GPANK1	 ENSG00000232312
GPATCH4	ENSG00000160818
GPBP1	ENSG00000062194
GPBP1L1	ENSG00000159592
GPHN	ENSG00000171723
GPI	ENSG00000282019
GPI	 ENSG00000105220
GPKOW	ENSG00000068394
GPN1	ENSG00000198522
GPN2	ENSG00000142751
GPN3	ENSG00000111231
GPR107	ENSG00000148358
GPR108	ENSG00000125734
GPS1	ENSG00000169727
GPS2	ENSG00000132522
GPX4	ENSG00000167468
GRAMD4	ENSG00000075240
GRHPR	ENSG00000137106
GRINA	ENSG00000178719
GRIPAP1	ENSG00000068400
GRPEL1	ENSG00000109519
GRSF1	ENSG00000132463
GRWD1	ENSG00000105447
GSK3A	ENSG00000105723
GSK3B	ENSG00000082701
GSPT1	ENSG00000103342
GSPT2	ENSG00000189369
GSR	ENSG00000104687
GSS	ENSG00000100983
GSTK1	ENSG00000197448
GSTM4	ENSG00000168765
GSTO1	ENSG00000148834
GTF2A1	ENSG00000165417
GTF2B	ENSG00000137947
GTF2F1	ENSG00000125651
GTF2F2	ENSG00000188342
GTF2H1	ENSG00000110768
GTF2H4	ENSG00000226384
GTF2H4	 ENSG00000213780
GTF2H4	 ENSG00000221974
GTF2H4	 ENSG00000233149
GTF2H4	 ENSG00000234370
GTF2H4	 ENSG00000236895
GTF2H5	ENSG00000272047
GTF2I	ENSG00000263001
GTF3A	ENSG00000122034
GTF3C1	ENSG00000077235
GTF3C2	ENSG00000115207
GTF3C3	ENSG00000119041
GTF3C5	ENSG00000148308
GTF3C6	ENSG00000155115
GTPBP10	ENSG00000105793
GTPBP4	ENSG00000107937
GTPBP8	ENSG00000163607
GUK1	ENSG00000143774
GZF1	ENSG00000125812
H1FX	ENSG00000184897
H2AFV	ENSG00000105968
H2AFX	ENSG00000188486
H2AFY	ENSG00000113648
H2AFZ	ENSG00000164032
HADH	ENSG00000138796
HADHA	ENSG00000084754
HAGH	ENSG00000063854
HARS	ENSG00000170445
HARS2	ENSG00000112855
HAT1	ENSG00000128708
HAUS3	ENSG00000214367
HAUS4	ENSG00000092036
HAUS7	ENSG00000213397
HAX1	ENSG00000143575
HBP1	ENSG00000105856
HBS1L	ENSG00000112339
HCCS	ENSG00000004961
HCFC1	ENSG00000172534
HDAC2	ENSG00000196591
HDAC3	ENSG00000171720
HDAC6	ENSG00000094631
HDAC8	ENSG00000147099
HDDC3	ENSG00000184508
HDGF	ENSG00000143321
HDHD3	ENSG00000119431
HDLBP	ENSG00000115677
HEATR5A	ENSG00000129493
HEBP1	ENSG00000013583
HECTD3	ENSG00000126107
HELZ	ENSG00000198265
HEMK1	ENSG00000114735
HERC4	ENSG00000148634
HERPUD1	ENSG00000051108
HERPUD2	ENSG00000122557
HEXA	ENSG00000213614
HEXDC	ENSG00000169660
HEXIM1	ENSG00000186834
HGS	ENSG00000185359
HIBADH	ENSG00000106049
HIGD1A	ENSG00000181061
HIGD2A	ENSG00000146066
HINFP	ENSG00000172273
HINT1	ENSG00000169567
HINT2	ENSG00000137133
HIST1H2BC	ENSG00000180596
HIVEP1	ENSG00000095951
HMBS	ENSG00000256269
HMG20A	ENSG00000140382
HMG20B	ENSG00000064961
HMGB1	ENSG00000189403
HMGN3	ENSG00000118418
HMGXB3	ENSG00000113716
HMGXB4	ENSG00000100281
HMOX2	ENSG00000277424
HMOX2	 ENSG00000103415
HN1L	ENSG00000206053
HNRNPA0	ENSG00000177733
HNRNPA2B1	ENSG00000122566
HNRNPAB	ENSG00000197451
HNRNPC	ENSG00000092199
HNRNPD	ENSG00000138668
HNRNPF	ENSG00000169813
HNRNPH1	ENSG00000169045
HNRNPH2	ENSG00000126945
HNRNPK	ENSG00000165119
HNRNPL	ENSG00000104824
HNRNPM	ENSG00000099783
HNRNPR	ENSG00000125944
HNRNPU	ENSG00000153187
HNRNPUL1	ENSG00000105323
HNRNPUL2	ENSG00000214753
HP1BP3	ENSG00000127483
HPS1	ENSG00000107521
HPS6	ENSG00000166189
HS1BP3	ENSG00000118960
HS2ST1	ENSG00000153936
HS6ST1	ENSG00000136720
HSBP1	ENSG00000230989
HSCB	ENSG00000100209
HSD17B10	ENSG00000072506
HSD17B12	ENSG00000149084
HSD17B4	ENSG00000133835
HSPA14	ENSG00000187522
HSPA4	ENSG00000170606
HSPA5	ENSG00000044574
HSPA8	ENSG00000109971
HSPA9	ENSG00000113013
HSPBP1	ENSG00000133265
HTATIP2	ENSG00000109854
HTRA2	ENSG00000115317
HTT	ENSG00000197386
HUS1	ENSG00000136273
HUWE1	ENSG00000086758
HYOU1	ENSG00000280682
HYOU1	 ENSG00000149428
HYPK	ENSG00000242028
IAH1	ENSG00000134330
IARS	ENSG00000196305
IARS2	ENSG00000067704
IBA57	ENSG00000181873
IBTK	ENSG00000283068
IBTK	 ENSG00000005700
ICK	ENSG00000112144
ICMT	ENSG00000116237
ICT1	ENSG00000167862
IDE	ENSG00000119912
IDH3A	ENSG00000166411
IDH3B	ENSG00000101365
IDH3G	ENSG00000067829
IDI1	ENSG00000067064
IER3IP1	ENSG00000134049
IFNAR1	ENSG00000142166
IFNGR1	ENSG00000027697
IFRD1	ENSG00000006652
IFT27	ENSG00000100360
IKZF5	ENSG00000095574
IL13RA1	ENSG00000131724
IL6ST	ENSG00000134352
ILF2	ENSG00000143621
ILKAP	ENSG00000132323
ILVBL	ENSG00000105135
IMMT	ENSG00000132305
IMP3	ENSG00000177971
IMP4	ENSG00000136718
IMPAD1	ENSG00000104331
INF2	ENSG00000203485
ING1	ENSG00000153487
INO80B	ENSG00000115274
INO80E	ENSG00000169592
INPP5A	ENSG00000068383
INPP5K	ENSG00000132376
INSIG2	ENSG00000125629
INTS1	ENSG00000164880
INTS10	ENSG00000104613
INTS12	ENSG00000138785
INTS3	ENSG00000143624
INTS3	 ENSG00000262826
INTS4	ENSG00000149262
INVS	ENSG00000119509
IP6K1	ENSG00000176095
IP6K2	ENSG00000068745
IPO7	ENSG00000205339
IPO8	ENSG00000133704
IPO9	ENSG00000198700
IRAK1	ENSG00000184216
IREB2	ENSG00000136381
IRF2BP1	ENSG00000170604
IRF2BP2	ENSG00000168264
IRF2BPL	ENSG00000119669
IRGQ	ENSG00000167378
ISCU	ENSG00000136003
ISOC2	ENSG00000063241
IST1	ENSG00000182149
ISY1	ENSG00000240682
ITCH	ENSG00000078747
ITFG1	ENSG00000129636
ITGB1	ENSG00000150093
ITGB1BP1	ENSG00000119185
ITM2B	ENSG00000136156
ITPA	ENSG00000125877
ITPK1	ENSG00000274958
ITPK1	 ENSG00000100605
ITPKC	ENSG00000086544
ITPRIPL2	ENSG00000205730
IVNS1ABP	ENSG00000116679
IWS1	ENSG00000163166
JAGN1	ENSG00000171135
JAK1	ENSG00000162434
JKAMP	ENSG00000050130
JMJD4	ENSG00000081692
JMJD6	ENSG00000070495
JMJD7	ENSG00000243789
JMJD8	ENSG00000161999
JOSD2	ENSG00000161677
JTB	ENSG00000143543
JUND	ENSG00000130522
KANSL2	ENSG00000139620
KANSL3	ENSG00000114982
KARS	ENSG00000065427
KAT2B	ENSG00000114166
KAT5	ENSG00000172977
KAT8	ENSG00000103510
KBTBD2	ENSG00000170852
KBTBD4	ENSG00000123444
KBTBD7	ENSG00000120696
KCMF1	ENSG00000176407
KCTD20	ENSG00000112078
KCTD21	ENSG00000188997
KCTD6	ENSG00000168301
KDM2A	ENSG00000173120
KDM4A	ENSG00000066135
KDM5C	ENSG00000126012
KDSR	ENSG00000119537
KHDRBS1	ENSG00000121774
KHNYN	ENSG00000100441
KHSRP	ENSG00000088247
KIAA0100	ENSG00000007202
KIAA0141	ENSG00000081791
KIAA0196	ENSG00000164961
KIAA0232	ENSG00000170871
KIAA0319L	ENSG00000142687
KIAA0391	ENSG00000100890
KIAA0754	ENSG00000127603
KIAA1143	ENSG00000163807
KIAA1191	ENSG00000122203
KIAA1429	ENSG00000164944
KIAA1586	ENSG00000168116
KIAA1715	ENSG00000144320
KIAA2013	ENSG00000116685
KLC4	ENSG00000137171
KLF3	ENSG00000109787
KLF9	ENSG00000119138
KLHDC2	ENSG00000165516
KLHDC3	ENSG00000124702
KLHL20	ENSG00000076321
KLHL25	ENSG00000183655
KLHL36	ENSG00000135686
KLHL5	ENSG00000109790
KLHL8	ENSG00000145332
KPNA1	ENSG00000114030
KPNB1	ENSG00000108424
KRCC1	ENSG00000172086
KRR1	ENSG00000111615
KTI12	ENSG00000198841
KTN1	ENSG00000126777
KXD1	ENSG00000105700
L3MBTL2	ENSG00000100395
LACTB	ENSG00000103642
LAGE3	ENSG00000196976
LAMP1	ENSG00000185896
LAMP2	ENSG00000005893
LAMTOR1	ENSG00000149357
LAMTOR2	ENSG00000116586
LAMTOR3	ENSG00000109270
LAMTOR4	ENSG00000188186
LAMTOR5	ENSG00000134248
LAP3	ENSG00000002549
LAPTM4A	ENSG00000068697
LARP1	ENSG00000155506
LARP4	ENSG00000161813
LARP7	ENSG00000174720
LARS2	ENSG00000011376
LCOR	ENSG00000196233
LDHA	ENSG00000134333
LEMD2	ENSG00000161904
LENG1	ENSG00000105617
LENG1	 ENSG00000278516
LENG1	 ENSG00000275935
LENG1	 ENSG00000278426
LENG1	 ENSG00000276959
LENG1	 ENSG00000276774
LENG1	 ENSG00000277457
LENG1	 ENSG00000278257
LENG1	 ENSG00000276628
LENG1	 ENSG00000277808
LEPROT	ENSG00000213625
LETM1	ENSG00000168924
LETMD1	ENSG00000050426
LGALSL	ENSG00000119862
LHPP	ENSG00000107902
LIAS	ENSG00000121897
LIG3	ENSG00000005156
LIG4	ENSG00000174405
LIN37	ENSG00000267796
LIN54	ENSG00000189308
LIN7C	ENSG00000148943
LIPT1	ENSG00000144182
LMAN1	ENSG00000074695
LMBRD1	ENSG00000168216
LMF2	ENSG00000100258
LMO4	ENSG00000143013
LNX2	ENSG00000139517
LOC441155	ENSG00000058673
LONP1	ENSG00000196365
LONP2	ENSG00000102910
LPCAT3	ENSG00000111684
LPIN1	ENSG00000134324
LRFN3	ENSG00000126243
LRPAP1	ENSG00000163956
LRPPRC	ENSG00000138095
LRRC14	ENSG00000160959
LRRC24	ENSG00000254402
LRRC28	ENSG00000168904
LRRC40	ENSG00000066557
LRRC41	ENSG00000132128
LRRC42	ENSG00000116212
LRRC47	ENSG00000130764
LRRC57	ENSG00000180979
LRRC59	ENSG00000108829
LRRC8A	ENSG00000136802
LRRFIP2	ENSG00000093167
LRSAM1	ENSG00000148356
LSG1	ENSG00000041802
LSM1	ENSG00000175324
LSM10	ENSG00000181817
LSM14A	ENSG00000262860
LSM14A	 ENSG00000257103
LSM14B	ENSG00000149657
LSM2	ENSG00000225998
LSM2	 ENSG00000236826
LSM2	 ENSG00000224979
LSM2	 ENSG00000204392
LSM2	 ENSG00000172850
LSM2	 ENSG00000231502
LSM3	ENSG00000170860
LSM4	ENSG00000130520
LSM5	ENSG00000106355
LSM6	ENSG00000164167
LSM7	ENSG00000130332
LSS	ENSG00000160285
LSS	 ENSG00000281289
LTV1	ENSG00000135521
LUC7L2	ENSG00000146963
LUC7L3	ENSG00000108848
LUZP6	ENSG00000267697
LYRM1	ENSG00000102897
LYRM4	ENSG00000214113
LYRM5	ENSG00000205707
LYSMD1	ENSG00000163155
LYSMD3	ENSG00000176018
LYSMD4	ENSG00000183060
LZTR1	ENSG00000099949
M6PR	ENSG00000003056
MAD2L1BP	ENSG00000124688
MAD2L2	ENSG00000116670
MAEA	ENSG00000090316
MAGED1	ENSG00000179222
MAGEF1	ENSG00000177383
MAGOH	ENSG00000162385
MAGT1	ENSG00000102158
MAK16	ENSG00000198042
MALSU1	ENSG00000156928
MAN1A2	ENSG00000198162
MAN1B1	ENSG00000177239
MAN2A2	ENSG00000196547
MAN2B2	ENSG00000013288
MAN2C1	ENSG00000140400
MAP1LC3B2	ENSG00000258102
MAP2K1	ENSG00000169032
MAP2K2	ENSG00000126934
MAP2K5	ENSG00000137764
MAP3K7	ENSG00000135341
MAP4K4	ENSG00000071054
MAPK1	ENSG00000100030
MAPK1IP1L	ENSG00000168175
MAPK6	ENSG00000069956
MAPK8	ENSG00000107643
MAPK9	ENSG00000050748
MAPKAP1	ENSG00000119487
MAPKAPK2	ENSG00000162889
MAPKAPK5	ENSG00000089022
MAPRE2	ENSG00000166974
MARCH2	ENSG00000099785
MARCH5	ENSG00000198060
MARCH6	ENSG00000145495
MARCH7	ENSG00000136536
MARK3	ENSG00000075413
MARK4	ENSG00000007047
MARS	ENSG00000166986
MARS2	ENSG00000247626
MAT2B	ENSG00000038274
MAVS	ENSG00000088888
MAX	ENSG00000125952
MAZ	ENSG00000103495
MBD1	ENSG00000141644
MBD2	ENSG00000134046
MBD3	ENSG00000071655
MBD4	ENSG00000129071
MBLAC1	ENSG00000214309
MBNL2	ENSG00000139793
MBTPS1	ENSG00000140943
MBTPS2	ENSG00000012174
MCAT	ENSG00000100294
MCCC1	ENSG00000078070
MCEE	ENSG00000124370
MCFD2	ENSG00000180398
MCM3AP	ENSG00000160294
MCM7	ENSG00000166508
MCMBP	ENSG00000197771
MCOLN1	ENSG00000090674
MCPH1	ENSG00000147316
MCRS1	ENSG00000187778
MCTS1	ENSG00000232119
MCU	ENSG00000156026
MDC1	ENSG00000225589
MDC1	 ENSG00000137337
MDC1	 ENSG00000234012
MDC1	 ENSG00000206481
MDC1	 ENSG00000224587
MDC1	 ENSG00000237095
MDC1	 ENSG00000228575
MDC1	 ENSG00000231135
MDP1	ENSG00000213920
ME2	ENSG00000082212
MEAF6	ENSG00000163875
MECP2	ENSG00000169057
MED10	ENSG00000133398
MED11	ENSG00000161920
MED13	ENSG00000108510
MED14	ENSG00000180182
MED16	ENSG00000282092
MED16	 ENSG00000175221
MED19	ENSG00000156603
MED20	ENSG00000124641
MED21	ENSG00000152944
MED24	ENSG00000008838
MED29	ENSG00000063322
MED31	ENSG00000108590
MED4	ENSG00000136146
MED6	ENSG00000133997
MED7	ENSG00000155868
MED8	ENSG00000159479
MEF2A	ENSG00000068305
MEMO1	ENSG00000162959
MEN1	ENSG00000133895
MEPCE	ENSG00000146834
METAP1	ENSG00000164024
METAP2	ENSG00000111142
METRN	ENSG00000103260
METTL13	ENSG00000010165
METTL14	ENSG00000145388
METTL16	ENSG00000127804
METTL17	ENSG00000165792
METTL18	ENSG00000171806
METTL21A	ENSG00000144401
METTL23	ENSG00000181038
METTL2A	ENSG00000087995
METTL2B	ENSG00000165055
METTL3	ENSG00000165819
METTL5	ENSG00000138382
MFAP1	ENSG00000140259
MFAP3	ENSG00000037749
MFF	ENSG00000168958
MFN1	ENSG00000171109
MFSD11	ENSG00000092931
MFSD12	ENSG00000161091
MFSD3	ENSG00000167700
MFSD5	ENSG00000182544
MGAT2	ENSG00000168282
MGAT4B	ENSG00000161013
MGME1	ENSG00000125871
MGMT	ENSG00000170430
MGRN1	ENSG00000102858
MGST3	ENSG00000143198
MIA3	ENSG00000154305
MIB1	ENSG00000101752
MICALL1	ENSG00000100139
MICU1	ENSG00000107745
MID1IP1	ENSG00000165175
MIDN	ENSG00000167470
MIEN1	ENSG00000141741
MIER1	ENSG00000198160
MIF	ENSG00000276701
MIF	 ENSG00000240972
MIF4GD	ENSG00000125457
MIIP	ENSG00000116691
MINOS1	ENSG00000173436
MIS12	ENSG00000167842
MITD1	ENSG00000158411
MKKS	ENSG00000125863
MKLN1	ENSG00000128585
MKNK1	ENSG00000079277
MKRN2	ENSG00000075975
MLEC	ENSG00000110917
MLF2	ENSG00000089693
MLH1	ENSG00000076242
MLLT1	ENSG00000130382
MLLT10	ENSG00000078403
MLST8	ENSG00000167965
MLX	ENSG00000108788
MMAA	ENSG00000151611
MMADHC	ENSG00000168288
MMS19	ENSG00000155229
MNAT1	ENSG00000020426
MOB4	ENSG00000115540
MOGS	ENSG00000115275
MON1A	ENSG00000164077
MON2	ENSG00000061987
MORC2	ENSG00000133422
MORF4L2	ENSG00000123562
MOSPD1	ENSG00000101928
MPC2	ENSG00000143158
MPDU1	ENSG00000129255
MPG	ENSG00000103152
MPHOSPH10	ENSG00000124383
MPI	ENSG00000178802
MPLKIP	ENSG00000168303
MPND	ENSG00000008382
MPPE1	ENSG00000154889
MPV17L2	ENSG00000254858
MRFAP1	ENSG00000179010
MRFAP1L1	ENSG00000178988
MRI1	ENSG00000037757
MRM1	ENSG00000274853
MRM1	 ENSG00000278619
MRPL1	ENSG00000169288
MRPL10	ENSG00000159111
MRPL11	ENSG00000174547
MRPL12	ENSG00000262814
MRPL13	ENSG00000172172
MRPL14	ENSG00000180992
MRPL15	ENSG00000137547
MRPL16	ENSG00000166902
MRPL17	ENSG00000158042
MRPL18	ENSG00000112110
MRPL19	ENSG00000115364
MRPL2	ENSG00000112651
MRPL20	ENSG00000242485
MRPL21	ENSG00000197345
MRPL22	ENSG00000082515
MRPL23	ENSG00000214026
MRPL24	ENSG00000143314
MRPL27	ENSG00000108826
MRPL28	ENSG00000086504
MRPL3	ENSG00000114686
MRPL30	ENSG00000185414
MRPL32	ENSG00000106591
MRPL33	ENSG00000243147
MRPL35	ENSG00000132313
MRPL36	ENSG00000171421
MRPL37	ENSG00000116221
MRPL38	ENSG00000204316
MRPL4	ENSG00000105364
MRPL40	ENSG00000185608
MRPL41	ENSG00000182154
MRPL42	ENSG00000198015
MRPL43	ENSG00000055950
MRPL44	ENSG00000135900
MRPL45	ENSG00000278845
MRPL45	 ENSG00000277936
MRPL46	ENSG00000259494
MRPL47	ENSG00000136522
MRPL48	ENSG00000175581
MRPL49	ENSG00000149792
MRPL50	ENSG00000136897
MRPL51	ENSG00000111639
MRPL52	ENSG00000172590
MRPL53	ENSG00000204822
MRPL54	ENSG00000183617
MRPL55	ENSG00000162910
MRPL9	ENSG00000143436
MRPS10	ENSG00000048544
MRPS11	ENSG00000181991
MRPS12	ENSG00000128626
MRPS14	ENSG00000120333
MRPS15	ENSG00000116898
MRPS16	ENSG00000182180
MRPS17	ENSG00000239789
MRPS18A	ENSG00000096080
MRPS18B	ENSG00000227420
MRPS18B	 ENSG00000229861
MRPS18B	 ENSG00000204568
MRPS18B	 ENSG00000203624
MRPS18B	 ENSG00000233813
MRPS18B	 ENSG00000226111
MRPS18B	 ENSG00000223775
MRPS18C	ENSG00000163319
MRPS2	ENSG00000122140
MRPS21	ENSG00000266472
MRPS22	ENSG00000175110
MRPS23	ENSG00000181610
MRPS24	ENSG00000062582
MRPS25	ENSG00000131368
MRPS26	ENSG00000125901
MRPS27	ENSG00000113048
MRPS28	ENSG00000147586
MRPS30	ENSG00000112996
MRPS31	ENSG00000102738
MRPS33	ENSG00000090263
MRPS34	ENSG00000074071
MRPS35	ENSG00000061794
MRPS5	ENSG00000144029
MRPS6	ENSG00000243927
MRPS7	ENSG00000125445
MRPS9	ENSG00000135972
MRRF	ENSG00000148187
MRS2	ENSG00000124532
MRTO4	ENSG00000053372
MSANTD3	ENSG00000066697
MSH3	ENSG00000113318
MSH6	ENSG00000116062
MSL3	ENSG00000005302
MSMP	ENSG00000215183
MSRA	ENSG00000175806
MSRB2	ENSG00000148450
MTA2	ENSG00000149480
MTCH1	ENSG00000137409
MTCH2	ENSG00000109919
MTDH	ENSG00000147649
MTFMT	ENSG00000103707
MTFR1	ENSG00000066855
MTFR1L	ENSG00000117640
MTIF3	ENSG00000122033
MTM1	ENSG00000171100
MTMR1	ENSG00000063601
MTMR3	ENSG00000100330
MTMR6	ENSG00000139505
MTO1	ENSG00000135297
MTPAP	ENSG00000107951
MTRR	ENSG00000124275
MTSS1	ENSG00000170873
MTX2	ENSG00000128654
MUL1	ENSG00000090432
MUS81	ENSG00000172732
MUT	ENSG00000146085
MVD	ENSG00000167508
MXD4	ENSG00000123933
MXI1	ENSG00000119950
MYBBP1A	ENSG00000132382
MYEOV2	ENSG00000172428
MYL12B	ENSG00000118680
MYNN	ENSG00000085274
MYO1E	ENSG00000157483
MYPOP	ENSG00000176182
MZF1	ENSG00000099326
MZT2A	ENSG00000173272
MZT2B	ENSG00000152082
N4BP1	ENSG00000102921
N4BP2L2	ENSG00000244754
NAA10	ENSG00000102030
NAA15	ENSG00000164134
NAA20	ENSG00000173418
NAA38	ENSG00000183011
NAA50	ENSG00000121579
NAA60	ENSG00000122390
NABP2	ENSG00000139579
NACA	ENSG00000196531
NACA2	ENSG00000253506
NACC1	ENSG00000160877
NACC2	ENSG00000148411
NAE1	ENSG00000159593
NAMPT	ENSG00000105835
NANS	ENSG00000095380
NAP1L4	ENSG00000273562
NAP1L4	 ENSG00000205531
NAPA	ENSG00000105402
NARF	ENSG00000141562
NARFL	ENSG00000103245
NARS	ENSG00000134440
NARS2	ENSG00000137513
NAT10	ENSG00000135372
NBN	ENSG00000104320
NBR1	ENSG00000188554
NCAPH2	ENSG00000025770
NCBP2	ENSG00000114503
NCK1	ENSG00000158092
NCKIPSD	ENSG00000213672
NCL	ENSG00000115053
NCLN	ENSG00000125912
NCOA1	ENSG00000084676
NCOA6	ENSG00000198646
NCOR1	ENSG00000141027
NCSTN	ENSG00000162736
NDEL1	ENSG00000166579
NDFIP1	ENSG00000131507
NDST1	ENSG00000070614
NDUFA10	ENSG00000130414
NDUFA11	ENSG00000174886
NDUFA12	ENSG00000184752
NDUFA13	ENSG00000186010
NDUFA2	ENSG00000131495
NDUFA3	ENSG00000170906
NDUFA3	 ENSG00000276061
NDUFA3	 ENSG00000276220
NDUFA3	 ENSG00000273642
NDUFA3	 ENSG00000275605
NDUFA3	 ENSG00000275724
NDUFA3	 ENSG00000276766
NDUFA3	 ENSG00000277722
NDUFA3	 ENSG00000278365
NDUFA3	 ENSG00000274359
NDUFA4	ENSG00000189043
NDUFA5	ENSG00000128609
NDUFA6	ENSG00000273397
NDUFA6	 ENSG00000184983
NDUFA6	 ENSG00000277365
NDUFA6	 ENSG00000272765
NDUFA6	 ENSG00000281013
NDUFA7	ENSG00000267855
NDUFA8	ENSG00000119421
NDUFA9	ENSG00000139180
NDUFAF2	ENSG00000164182
NDUFAF3	ENSG00000178057
NDUFAF4	ENSG00000123545
NDUFB10	ENSG00000140990
NDUFB11	ENSG00000147123
NDUFB2	ENSG00000090266
NDUFB3	ENSG00000119013
NDUFB4	ENSG00000065518
NDUFB5	ENSG00000136521
NDUFB6	ENSG00000165264
NDUFB7	ENSG00000099795
NDUFB8	ENSG00000166136
NDUFB9	ENSG00000147684
NDUFC1	ENSG00000109390
NDUFC2	ENSG00000151366
NDUFS2	ENSG00000158864
NDUFS3	ENSG00000213619
NDUFS4	ENSG00000164258
NDUFS5	ENSG00000168653
NDUFS6	ENSG00000145494
NDUFS7	ENSG00000115286
NDUFS8	ENSG00000110717
NDUFV1	ENSG00000167792
NDUFV2	ENSG00000178127
NECAP1	ENSG00000089818
NEDD8	ENSG00000129559
NEIL2	ENSG00000154328
NEK4	ENSG00000114904
NEK9	ENSG00000119638
NELFB	ENSG00000188986
NELFCD	ENSG00000101158
NELFE	ENSG00000233801
NELFE	 ENSG00000206268
NELFE	 ENSG00000231044
NELFE	 ENSG00000204356
NELFE	 ENSG00000206357
NELFE	 ENSG00000229363
NENF	ENSG00000117691
NEU1	ENSG00000228691
NEU1	 ENSG00000234343
NEU1	 ENSG00000227315
NEU1	 ENSG00000234846
NEU1	 ENSG00000204386
NEU1	 ENSG00000184494
NEU1	 ENSG00000227129
NEU1	 ENSG00000223957
NF2	ENSG00000186575
NFATC2IP	ENSG00000176953
NFE2L2	ENSG00000116044
NFIL3	ENSG00000165030
NFKBIB	ENSG00000104825
NFKBIL1	ENSG00000235125
NFKBIL1	 ENSG00000234530
NFKBIL1	 ENSG00000206440
NFKBIL1	 ENSG00000227565
NFKBIL1	 ENSG00000236346
NFKBIL1	 ENSG00000236196
NFKBIL1	 ENSG00000204498
NFU1	ENSG00000169599
NFX1	ENSG00000086102
NFYB	ENSG00000120837
NFYC	ENSG00000066136
NGDN	ENSG00000129460
NGLY1	ENSG00000151092
NGRN	ENSG00000182768
NHP2	ENSG00000145912
NIF3L1	ENSG00000196290
NINJ1	ENSG00000131669
NIP7	ENSG00000132603
NIPA2	ENSG00000140157
NIPBL	ENSG00000164190
NISCH	ENSG00000010322
NIT1	ENSG00000158793
NIT2	ENSG00000114021
NKAP	ENSG00000101882
NKIRAS2	ENSG00000168256
NMD3	ENSG00000169251
NME2	ENSG00000243678
NME3	ENSG00000103024
NME6	ENSG00000172113
NMRK1	ENSG00000106733
NMT1	ENSG00000136448
NOA1	ENSG00000084092
NOB1	ENSG00000141101
NOC2L	ENSG00000188976
NOL10	ENSG00000115761
NOL11	ENSG00000130935
NOL12	ENSG00000273899
NOL6	ENSG00000165271
NOL7	ENSG00000225921
NOL8	ENSG00000198000
NOLC1	ENSG00000166197
NOM1	ENSG00000146909
NONO	ENSG00000147140
NOP10	ENSG00000182117
NOP14	ENSG00000087269
NOP16	ENSG00000048162
NOP2	ENSG00000111641
NOP56	ENSG00000101361
NOP58	ENSG00000055044
NOP9	ENSG00000196943
NPC1	ENSG00000141458
NPC2	ENSG00000119655
NPLOC4	ENSG00000182446
NPRL2	ENSG00000114388
NPRL3	ENSG00000103148
NQO2	ENSG00000124588
NR1H2	ENSG00000131408
NR2C1	ENSG00000120798
NR2C2AP	ENSG00000184162
NR3C2	ENSG00000151623
NRBP1	ENSG00000115216
NRDE2	ENSG00000119720
NRIP1	ENSG00000180530
NSA2	ENSG00000164346
NSD1	ENSG00000165671
NSDHL	ENSG00000147383
NSFL1C	ENSG00000088833
NSMCE1	ENSG00000169189
NSMCE2	ENSG00000156831
NSMCE4A	ENSG00000107672
NSRP1	ENSG00000126653
NSUN2	ENSG00000037474
NSUN5	ENSG00000130305
NSUN6	ENSG00000241058
NT5C	ENSG00000125458
NT5DC1	ENSG00000178425
NTAN1	ENSG00000275779
NTAN1	 ENSG00000157045
NTMT1	ENSG00000148335
NTPCR	ENSG00000135778
NUB1	ENSG00000013374
NUBP1	ENSG00000103274
NUBP2	ENSG00000095906
NUCB1	ENSG00000104805
NUCKS1	ENSG00000069275
NUDC	ENSG00000090273
NUDCD1	ENSG00000120526
NUDCD2	ENSG00000170584
NUDT14	ENSG00000183828
NUDT15	ENSG00000136159
NUDT2	ENSG00000164978
NUDT21	ENSG00000167005
NUDT22	ENSG00000149761
NUDT3	ENSG00000272325
NUDT9	ENSG00000170502
NUFIP2	ENSG00000108256
NUP107	ENSG00000111581
NUP133	ENSG00000069248
NUP153	ENSG00000124789
NUP54	ENSG00000138750
NUP62	ENSG00000213024
NUP85	ENSG00000125450
NUPL2	ENSG00000136243
NUTF2	ENSG00000102898
NXF1	ENSG00000162231
NXT1	ENSG00000132661
OAT	ENSG00000065154
OAZ1	ENSG00000104904
OAZ2	ENSG00000180304
OBFC1	ENSG00000107960
OCEL1	ENSG00000099330
OCIAD1	ENSG00000109180
ODC1	ENSG00000115758
OGFOD1	ENSG00000087263
OGFOD3	ENSG00000181396
OGFR	ENSG00000060491
OGG1	ENSG00000114026
OGT	ENSG00000147162
OLA1	ENSG00000138430
OPA1	ENSG00000198836
OPA3	ENSG00000125741
ORC4	ENSG00000115947
ORMDL1	ENSG00000128699
ORMDL2	ENSG00000123353
ORMDL3	ENSG00000172057
OS9	ENSG00000135506
OSBP	ENSG00000110048
OSBPL2	ENSG00000130703
OSBPL9	ENSG00000117859
OSGEP	ENSG00000092094
OSGIN2	ENSG00000164823
OSTM1	ENSG00000081087
OTUB1	ENSG00000167770
OTUD5	ENSG00000068308
OVCA2	ENSG00000262664
OXA1L	ENSG00000155463
OXNAD1	ENSG00000154814
P4HTM	ENSG00000178467
PA2G4	ENSG00000170515
PABPN1	ENSG00000100836
PACSIN2	ENSG00000100266
PAF1	ENSG00000006712
PAFAH1B1	ENSG00000007168
PAGR1	ENSG00000280789
PAICS	ENSG00000128050
PAIP1	ENSG00000172239
PAIP2	ENSG00000120727
PAK1IP1	ENSG00000111845
PAK2	ENSG00000180370
PAM16	ENSG00000217930
PAM16	 ENSG00000282228
PANK2	ENSG00000125779
PANK3	ENSG00000120137
PANK4	ENSG00000157881
PANK4	 ENSG00000273494
PANX1	ENSG00000110218
PAPD4	ENSG00000164329
PAPD7	ENSG00000112941
PAPOLA	ENSG00000090060
PARK7	ENSG00000116288
PARL	ENSG00000175193
PARN	ENSG00000274829
PARN	 ENSG00000140694
PARP1	ENSG00000143799
PARP3	ENSG00000041880
PARP9	ENSG00000138496
PATL1	ENSG00000166889
PATZ1	ENSG00000100105
PAXBP1	ENSG00000263141
PAXBP1	 ENSG00000159086
PBDC1	ENSG00000102390
PBX2	ENSG00000236353
PBX2	 ENSG00000232005
PBX2	 ENSG00000224952
PBX2	 ENSG00000204304
PBX2	 ENSG00000206315
PBX2	 ENSG00000237344
PBX2	 ENSG00000225987
PCBP1	ENSG00000169564
PCBP2	ENSG00000197111
PCDHGB5	ENSG00000276547
PCF11	ENSG00000165494
PCGF1	ENSG00000115289
PCGF5	ENSG00000180628
PCID2	ENSG00000126226
PCIF1	ENSG00000100982
PCM1	ENSG00000078674
PCMT1	ENSG00000120265
PCNA	ENSG00000132646
PCSK7	ENSG00000160613
PCYOX1	ENSG00000116005
PCYT1A	ENSG00000161217
PDAP1	ENSG00000106244
PDCD2	ENSG00000071994
PDCD5	ENSG00000105185
PDCD6	ENSG00000249915
PDCD6IP	ENSG00000170248
PDE12	ENSG00000174840
PDE6D	ENSG00000156973
PDGFC	ENSG00000145431
PDHB	ENSG00000168291
PDHX	ENSG00000110435
PDK2	ENSG00000005882
PDLIM5	ENSG00000163110
PDP2	ENSG00000172840
PDS5A	ENSG00000121892
PDZD11	ENSG00000120509
PDZD8	ENSG00000165650
PEBP1	ENSG00000089220
PEF1	ENSG00000162517
PELO	ENSG00000152684
PELP1	ENSG00000141456
PEPD	ENSG00000124299
PES1	ENSG00000100029
PET100	ENSG00000229833
PET117	ENSG00000232838
PEX1	ENSG00000127980
PEX11A	ENSG00000166821
PEX11B	ENSG00000131779
PEX12	ENSG00000108733
PEX13	ENSG00000162928
PEX14	ENSG00000142655
PEX16	ENSG00000121680
PEX19	ENSG00000162735
PEX2	ENSG00000164751
PEX26	ENSG00000215193
PEX5	ENSG00000139197
PEX6	ENSG00000124587
PFDN2	ENSG00000143256
PFDN4	ENSG00000101132
PFDN5	ENSG00000123349
PFDN6	ENSG00000206283
PFDN6	 ENSG00000224782
PFDN6	 ENSG00000235692
PFDN6	 ENSG00000237335
PFDN6	 ENSG00000204220
PFN1	ENSG00000108518
PGAM5	ENSG00000247077
PGBD3	ENSG00000243251
PGK1	ENSG00000102144
PGLS	ENSG00000130313
PGP	ENSG00000184207
PGPEP1	ENSG00000130517
PGRMC2	ENSG00000164040
PHACTR4	ENSG00000204138
PHAX	ENSG00000164902
PHB	ENSG00000167085
PHB2	ENSG00000215021
PHC2	ENSG00000134686
PHF10	ENSG00000130024
PHF12	ENSG00000109118
PHF20L1	ENSG00000129292
PHF23	ENSG00000040633
PHF5A	ENSG00000100410
PHKB	ENSG00000102893
PHPT1	ENSG00000054148
PHRF1	ENSG00000070047
PHRF1	 ENSG00000274780
PI4K2A	ENSG00000155252
PI4KA	ENSG00000241973
PI4KB	ENSG00000143393
PIAS1	ENSG00000033800
PICALM	ENSG00000073921
PICK1	ENSG00000100151
PIGC	ENSG00000135845
PIGF	ENSG00000151665
PIGG	ENSG00000174227
PIGH	ENSG00000100564
PIGK	ENSG00000142892
PIGP	ENSG00000185808
PIGS	ENSG00000087111
PIGT	ENSG00000124155
PIGU	ENSG00000101464
PIGW	ENSG00000275600
PIGW	 ENSG00000277161
PIGX	ENSG00000163964
PIGY	ENSG00000255072
PIH1D1	ENSG00000104872
PIK3C3	ENSG00000078142
PIK3CB	ENSG00000051382
PIK3R1	ENSG00000145675
PIK3R4	ENSG00000196455
PIN1	ENSG00000127445
PINK1	ENSG00000158828
PINX1	ENSG00000254093
PIP5K1A	ENSG00000143398
PITHD1	ENSG00000057757
PITPNA	ENSG00000174238
PITPNB	ENSG00000180957
PITRM1	ENSG00000107959
PLA2G12A	ENSG00000123739
PLAA	ENSG00000137055
PLBD2	ENSG00000151176
PLD3	ENSG00000105223
PLEKHA1	ENSG00000107679
PLEKHJ1	ENSG00000104886
PLEKHM1	ENSG00000225190
PLEKHM1	 ENSG00000277111
PLEKHM1	 ENSG00000276358
PLGRKT	ENSG00000107020
PLIN3	ENSG00000105355
PLOD1	ENSG00000083444
PLOD3	ENSG00000106397
PLRG1	ENSG00000171566
PMF1	ENSG00000160783
PMPCA	ENSG00000165688
PMPCB	ENSG00000105819
PMS1	ENSG00000064933
PMVK	ENSG00000163344
PNISR	ENSG00000132424
PNKD	ENSG00000127838
PNKP	ENSG00000039650
PNN	ENSG00000100941
PNO1	ENSG00000115946
PNPLA6	ENSG00000032444
PNPLA8	ENSG00000135241
PNPO	ENSG00000108439
PNPT1	ENSG00000138035
PNRC2	ENSG00000189266
POFUT1	ENSG00000101346
POLD2	ENSG00000106628
POLDIP2	ENSG00000004142
POLDIP3	ENSG00000100227
POLE3	ENSG00000148229
POLE4	ENSG00000115350
POLG	ENSG00000140521
POLH	ENSG00000170734
POLK	ENSG00000122008
POLL	ENSG00000166169
POLM	ENSG00000122678
POLR1C	ENSG00000171453
POLR1D	ENSG00000186184
POLR1E	ENSG00000137054
POLR2A	ENSG00000181222
POLR2B	ENSG00000047315
POLR2C	ENSG00000102978
POLR2D	ENSG00000144231
POLR2E	ENSG00000099817
POLR2F	ENSG00000100142
POLR2G	ENSG00000168002
POLR2H	ENSG00000163882
POLR2I	ENSG00000105258
POLR2J	ENSG00000005075
POLR2K	ENSG00000147669
POLR2L	ENSG00000177700
POLR3C	ENSG00000186141
POLR3E	ENSG00000058600
POLR3GL	ENSG00000121851
POLR3K	ENSG00000161980
POM121	ENSG00000196313
POM121C	ENSG00000272391
POMGNT1	ENSG00000085998
POMP	ENSG00000132963
POMT1	ENSG00000130714
POP4	ENSG00000105171
POP5	ENSG00000167272
POP7	ENSG00000172336
PPA1	ENSG00000180817
PPA2	ENSG00000138777
PPAN	ENSG00000130810
PPARA	ENSG00000186951
PPARD	ENSG00000112033
PPCS	ENSG00000127125
PPFIA1	ENSG00000131626
PPHLN1	ENSG00000134283
PPID	ENSG00000171497
PPIE	ENSG00000084072
PPIF	ENSG00000108179
PPIG	ENSG00000138398
PPIH	ENSG00000171960
PPIL4	ENSG00000131013
PPM1A	ENSG00000100614
PPM1B	ENSG00000138032
PPP1CA	ENSG00000172531
PPP1CC	ENSG00000186298
PPP1R10	ENSG00000206489
PPP1R10	 ENSG00000238104
PPP1R10	 ENSG00000204569
PPP1R10	 ENSG00000231737
PPP1R10	 ENSG00000235291
PPP1R10	 ENSG00000227804
PPP1R10	 ENSG00000230995
PPP1R11	ENSG00000236560
PPP1R11	 ENSG00000237403
PPP1R11	 ENSG00000206501
PPP1R11	 ENSG00000237829
PPP1R11	 ENSG00000204619
PPP1R11	 ENSG00000233314
PPP1R11	 ENSG00000227720
PPP1R11	 ENSG00000234058
PPP1R15B	ENSG00000158615
PPP1R37	ENSG00000104866
PPP1R7	ENSG00000115685
PPP1R8	ENSG00000117751
PPP2CA	ENSG00000113575
PPP2CB	ENSG00000104695
PPP2R1A	ENSG00000105568
PPP2R2A	ENSG00000221914
PPP2R2D	ENSG00000175470
PPP2R3C	ENSG00000092020
PPP2R4	ENSG00000119383
PPP2R5A	ENSG00000066027
PPP2R5B	ENSG00000068971
PPP2R5C	ENSG00000078304
PPP2R5D	ENSG00000112640
PPP2R5E	ENSG00000154001
PPP4C	ENSG00000149923
PPP4R1	ENSG00000154845
PPP4R2	ENSG00000163605
PPP5C	ENSG00000011485
PPP6C	ENSG00000119414
PPP6R2	ENSG00000100239
PPP6R3	ENSG00000110075
PPWD1	ENSG00000113593
PQBP1	ENSG00000102103
PQLC1	ENSG00000122490
PQLC2	ENSG00000040487
PRADC1	ENSG00000135617
PRCC	ENSG00000143294
PRDM4	ENSG00000110851
PRDX1	ENSG00000117450
PRDX2	ENSG00000167815
PRDX3	ENSG00000165672
PRDX5	ENSG00000126432
PRDX6	ENSG00000117592
PREB	ENSG00000138073
PREP	ENSG00000085377
PRKAA1	ENSG00000132356
PRKAB1	ENSG00000111725
PRKACA	ENSG00000072062
PRKAG1	ENSG00000181929
PRKAR1A	ENSG00000108946
PRKRIP1	ENSG00000128563
PRMT1	ENSG00000126457
PRMT5	ENSG00000100462
PRMT7	ENSG00000132600
PROSC	ENSG00000147471
PRPF18	ENSG00000165630
PRPF19	ENSG00000110107
PRPF3	ENSG00000117360
PRPF31	ENSG00000277707
PRPF31	 ENSG00000105618
PRPF31	 ENSG00000274144
PRPF31	 ENSG00000274894
PRPF31	 ENSG00000275885
PRPF31	 ENSG00000275117
PRPF31	 ENSG00000277953
PRPF31	 ENSG00000276421
PRPF31	 ENSG00000274651
PRPF31	 ENSG00000277154
PRPF4	ENSG00000136875
PRPF40A	ENSG00000196504
PRPF4B	ENSG00000112739
PRPF6	ENSG00000101161
PRPF8	ENSG00000274442
PRPF8	 ENSG00000174231
PRPS1	ENSG00000147224
PRPSAP1	ENSG00000161542
PRR14	ENSG00000156858
PRRC1	ENSG00000164244
PRRC2A	ENSG00000226618
PRRC2A	 ENSG00000206427
PRRC2A	 ENSG00000204469
PRRC2A	 ENSG00000231825
PRRC2A	 ENSG00000231370
PRRC2A	 ENSG00000225164
PRRC2A	 ENSG00000225748
PRRC2B	ENSG00000130723
PRUNE	ENSG00000143363
PSEN1	ENSG00000080815
PSEN2	ENSG00000143801
PSENEN	ENSG00000205155
PSKH1	ENSG00000159792
PSMA1	ENSG00000129084
PSMA2	ENSG00000106588
PSMA3	ENSG00000100567
PSMA4	ENSG00000041357
PSMA5	ENSG00000143106
PSMA6	ENSG00000100902
PSMA7	ENSG00000101182
PSMB1	ENSG00000281184
PSMB1	 ENSG00000008018
PSMB2	ENSG00000126067
PSMB3	ENSG00000275903
PSMB3	 ENSG00000277791
PSMB4	ENSG00000159377
PSMB5	ENSG00000100804
PSMB6	ENSG00000142507
PSMB7	ENSG00000136930
PSMC2	ENSG00000161057
PSMC3	ENSG00000165916
PSMC4	ENSG00000013275
PSMC5	ENSG00000087191
PSMC6	ENSG00000100519
PSMD1	ENSG00000173692
PSMD10	ENSG00000101843
PSMD11	ENSG00000108671
PSMD12	ENSG00000197170
PSMD13	ENSG00000185627
PSMD14	ENSG00000115233
PSMD2	ENSG00000175166
PSMD3	ENSG00000108344
PSMD4	ENSG00000159352
PSMD5	ENSG00000095261
PSMD6	ENSG00000163636
PSMD7	ENSG00000103035
PSMD8	ENSG00000099341
PSMD9	ENSG00000110801
PSME1	ENSG00000092010
PSME3	ENSG00000131467
PSMF1	ENSG00000125818
PSMG2	ENSG00000128789
PSMG3	ENSG00000157778
PSMG4	ENSG00000180822
PSPC1	ENSG00000121390
PTCD1	ENSG00000106246
PTCD3	ENSG00000132300
PTDSS1	ENSG00000156471
PTEN	ENSG00000171862
PTEN	 ENSG00000283094
PTGES2	ENSG00000148334
PTGES3	ENSG00000110958
PTOV1	ENSG00000104960
PTP4A2	ENSG00000184007
PTPMT1	ENSG00000110536
PTPN1	ENSG00000196396
PTPN11	ENSG00000179295
PTPN23	ENSG00000076201
PTRH1	ENSG00000187024
PTRH2	ENSG00000141378
PTRHD1	ENSG00000184924
PUF60	ENSG00000274081
PUF60	 ENSG00000179950
PUM1	ENSG00000134644
PUM2	ENSG00000055917
PURA	ENSG00000185129
PURB	ENSG00000146676
PUS3	ENSG00000110060
PUS7	ENSG00000091127
PUSL1	ENSG00000169972
PWP1	ENSG00000136045
PWP2	ENSG00000241945
PWWP2A	ENSG00000170234
PXMP4	ENSG00000101417
PYCR2	ENSG00000143811
PYGO2	ENSG00000163348
PYURF	ENSG00000145337
QARS	ENSG00000172053
QRICH1	ENSG00000198218
QRSL1	ENSG00000130348
QSOX1	ENSG00000116260
QTRT1	ENSG00000213339
R3HCC1	ENSG00000104679
R3HDM2	ENSG00000179912
RAB10	ENSG00000084733
RAB11A	ENSG00000103769
RAB11B	ENSG00000185236
RAB14	ENSG00000119396
RAB18	ENSG00000099246
RAB1A	ENSG00000138069
RAB1B	ENSG00000174903
RAB21	ENSG00000080371
RAB22A	ENSG00000124209
RAB2A	ENSG00000104388
RAB2B	ENSG00000129472
RAB3GAP1	ENSG00000115839
RAB3GAP2	ENSG00000118873
RAB40C	ENSG00000197562
RAB4A	ENSG00000168118
RAB5A	ENSG00000144566
RAB5B	ENSG00000111540
RAB5C	ENSG00000108774
RAB6A	ENSG00000175582
RAB7A	ENSG00000075785
RAB9A	ENSG00000123595
RABEP1	ENSG00000029725
RABEPK	ENSG00000136933
RABGEF1	ENSG00000154710
RABGGTA	ENSG00000100949
RABGGTB	ENSG00000137955
RAD1	ENSG00000113456
RAD17	ENSG00000276618
RAD17	 ENSG00000152942
RAD23B	ENSG00000119318
RAD50	ENSG00000113522
RAD51C	ENSG00000108384
RAF1	ENSG00000132155
RALA	ENSG00000006451
RALBP1	ENSG00000017797
RALY	ENSG00000125970
RAN	ENSG00000132341
RANBP1	ENSG00000099901
RANBP2	ENSG00000153201
RANBP3	ENSG00000031823
RANBP6	ENSG00000137040
RANGAP1	ENSG00000100401
RANGRF	ENSG00000108961
RAP1A	ENSG00000116473
RAPGEF1	ENSG00000107263
RAPGEF2	ENSG00000109756
RARS	ENSG00000113643
RARS2	ENSG00000146282
RB1CC1	ENSG00000023287
RBAK	ENSG00000146587
RBBP4	ENSG00000162521
RBBP7	ENSG00000102054
RBCK1	ENSG00000125826
RBFA	ENSG00000101546
RBM10	ENSG00000182872
RBM12	ENSG00000244462
RBM12B	ENSG00000183808
RBM14	ENSG00000239306
RBM15	ENSG00000162775
RBM15B	ENSG00000259956
RBM17	ENSG00000134453
RBM18	ENSG00000119446
RBM19	ENSG00000122965
RBM23	ENSG00000100461
RBM27	ENSG00000091009
RBM28	ENSG00000106344
RBM33	ENSG00000184863
RBM34	ENSG00000188739
RBM39	ENSG00000131051
RBM4	ENSG00000173933
RBM41	ENSG00000089682
RBM42	ENSG00000126254
RBM5	ENSG00000003756
RBM6	ENSG00000004534
RBM7	ENSG00000076053
RBM8A	ENSG00000265241
RBMX	ENSG00000147274
RBMXL1	ENSG00000213516
RBX1	ENSG00000100387
RC3H2	ENSG00000056586
RCAN1	ENSG00000159200
RCHY1	ENSG00000163743
RCN2	ENSG00000117906
RDH14	ENSG00000240857
RDX	ENSG00000137710
REEP3	ENSG00000165476
REEP5	ENSG00000129625
RELA	ENSG00000173039
REPIN1	ENSG00000214022
REPS1	ENSG00000135597
RER1	ENSG00000157916
REST	ENSG00000084093
REXO1	ENSG00000079313
RFC1	ENSG00000035928
RFC2	ENSG00000049541
RFC5	ENSG00000111445
RFK	ENSG00000135002
RFNG	ENSG00000169733
RFT1	ENSG00000163933
RFWD2	ENSG00000143207
RFXANK	ENSG00000064490
RGP1	ENSG00000107185
RHBDD1	ENSG00000144468
RHBDD3	ENSG00000100263
RHOA	ENSG00000067560
RHOB	ENSG00000143878
RHOT1	ENSG00000126858
RHOT2	ENSG00000140983
RIC8A	ENSG00000177963
RIN2	ENSG00000132669
RING1	ENSG00000235107
RING1	 ENSG00000204227
RING1	 ENSG00000226788
RING1	 ENSG00000231115
RING1	 ENSG00000206287
RING1	 ENSG00000228520
RINT1	ENSG00000135249
RIOK1	ENSG00000124784
RIOK2	ENSG00000058729
RIOK3	ENSG00000101782
RIPK1	ENSG00000137275
RMDN1	ENSG00000176623
RMDN3	ENSG00000137824
RMI1	ENSG00000178966
RMND1	ENSG00000155906
RMND5A	ENSG00000153561
RMND5B	ENSG00000145916
RNASEH1	ENSG00000171865
RNASEH2C	ENSG00000172922
RNASEK	ENSG00000219200
RNF10	ENSG00000022840
RNF103	ENSG00000239305
RNF11	ENSG00000123091
RNF111	ENSG00000157450
RNF113A	ENSG00000125352
RNF115	ENSG00000265491
RNF121	ENSG00000137522
RNF126	ENSG00000070423
RNF13	ENSG00000082996
RNF14	ENSG00000013561
RNF141	ENSG00000110315
RNF146	ENSG00000118518
RNF167	ENSG00000108523
RNF181	ENSG00000168894
RNF185	ENSG00000138942
RNF187	ENSG00000168159
RNF216	ENSG00000011275
RNF220	ENSG00000187147
RNF25	ENSG00000163481
RNF26	ENSG00000173456
RNF31	ENSG00000092098
RNF34	ENSG00000170633
RNF4	ENSG00000063978
RNF40	ENSG00000103549
RNF5	ENSG00000204308
RNF5	 ENSG00000223767
RNF5	 ENSG00000228405
RNF5	 ENSG00000183574
RNF5	 ENSG00000228907
RNF5	 ENSG00000225452
RNF5	 ENSG00000227277
RNF6	ENSG00000127870
RNF7	ENSG00000114125
RNH1	ENSG00000023191
RNH1	 ENSG00000276230
RNMTL1	ENSG00000171861
RNPEP	ENSG00000176393
ROMO1	ENSG00000125995
RP9	ENSG00000164610
RPA2	ENSG00000117748
RPA3	ENSG00000106399
RPAIN	ENSG00000129197
RPAP3	ENSG00000005175
RPF1	ENSG00000117133
RPF2	ENSG00000197498
RPL10A	ENSG00000198755
RPL11	ENSG00000142676
RPL14	ENSG00000188846
RPL26L1	ENSG00000037241
RPL27	ENSG00000131469
RPL30	ENSG00000156482
RPL31	ENSG00000071082
RPL32	ENSG00000144713
RPL34	ENSG00000109475
RPL35	ENSG00000136942
RPL35A	ENSG00000182899
RPL36AL	ENSG00000165502
RPL4	ENSG00000174444
RPL6	ENSG00000089009
RPL7L1	ENSG00000146223
RPL8	ENSG00000161016
RPN1	ENSG00000163902
RPN2	ENSG00000118705
RPP14	ENSG00000163684
RPP25L	ENSG00000164967
RPP30	ENSG00000148688
RPP38	ENSG00000152464
RPRD1B	ENSG00000101413
RPS13	ENSG00000110700
RPS19BP1	ENSG00000187051
RPS23	ENSG00000186468
RPS24	ENSG00000138326
RPS27L	ENSG00000185088
RPS5	ENSG00000083845
RPS6	ENSG00000137154
RPS6KA3	ENSG00000177189
RPS6KB1	ENSG00000108443
RPS6KB2	ENSG00000175634
RPUSD3	ENSG00000156990
RQCD1	ENSG00000144580
RRAGA	ENSG00000155876
RRM1	ENSG00000167325
RRN3	ENSG00000278494
RRN3	 ENSG00000085721
RRNAD1	ENSG00000143303
RRP1	ENSG00000160214
RRP36	ENSG00000124541
RRP7A	ENSG00000189306
RRP8	ENSG00000132275
RRS1	ENSG00000179041
RSAD1	ENSG00000136444
RSBN1L	ENSG00000187257
RSC1A1	ENSG00000215695
RSL1D1	ENSG00000171490
RSPRY1	ENSG00000159579
RSRC1	ENSG00000174891
RSRC2	ENSG00000111011
RTCA	ENSG00000137996
RTFDC1	ENSG00000022277
RTN4	ENSG00000115310
RUFY1	ENSG00000176783
RUVBL1	ENSG00000175792
RWDD1	ENSG00000111832
RWDD3	ENSG00000122481
RXRA	ENSG00000186350
RXRB	ENSG00000206289
RXRB	 ENSG00000227322
RXRB	 ENSG00000231321
RXRB	 ENSG00000204231
RXRB	 ENSG00000235712
RXRB	 ENSG00000228333
SAE1	ENSG00000142230
SAMD4B	ENSG00000179134
SAMD8	ENSG00000156671
SAMM50	ENSG00000100347
SAP18	ENSG00000150459
SAP30	ENSG00000164105
SAP30BP	ENSG00000161526
SAP30L	ENSG00000164576
SAR1A	ENSG00000079332
SARNP	ENSG00000205323
SARS	ENSG00000031698
SART1	ENSG00000175467
SART3	ENSG00000075856
SAT2	ENSG00000141504
SAV1	ENSG00000151748
SBDS	ENSG00000126524
SCAF1	ENSG00000126461
SCAF11	ENSG00000139218
SCAF4	ENSG00000156304
SCAF8	ENSG00000213079
SCAMP2	ENSG00000140497
SCAMP3	ENSG00000116521
SCAMP3	 ENSG00000263290
SCAND1	ENSG00000171222
SCAP	ENSG00000114650
SCARB2	ENSG00000138760
SCFD1	ENSG00000092108
SCFD2	ENSG00000184178
SCNM1	ENSG00000163156
SCO1	ENSG00000133028
SCO2	ENSG00000130489
SCOC	ENSG00000153130
SCP2	ENSG00000116171
SCRIB	ENSG00000274287
SCRIB	 ENSG00000180900
SCRN3	ENSG00000144306
SCYL1	ENSG00000142186
SCYL2	ENSG00000136021
SCYL3	ENSG00000000457
SDAD1	ENSG00000198301
SDCBP	ENSG00000137575
SDCCAG3	ENSG00000165689
SDCCAG8	ENSG00000054282
SDCCAG8	 ENSG00000276111
SDE2	ENSG00000143751
SDF2	ENSG00000132581
SDF4	ENSG00000078808
SDHA	ENSG00000073578
SDHAF2	ENSG00000167985
SDHB	ENSG00000117118
SDHC	ENSG00000143252
SDHD	ENSG00000204370
SDR39U1	ENSG00000100445
SEC11A	ENSG00000140612
SEC13	ENSG00000157020
SEC16A	ENSG00000148396
SEC22B	ENSG00000265808
SEC22C	ENSG00000093183
SEC23A	ENSG00000100934
SEC23IP	ENSG00000107651
SEC24A	ENSG00000113615
SEC24B	ENSG00000138802
SEC24C	ENSG00000176986
SEC31A	ENSG00000138674
SEC61A1	ENSG00000058262
SEC61B	ENSG00000106803
SEC61G	ENSG00000132432
SEC62	ENSG00000008952
SEC63	ENSG00000025796
SECISBP2	ENSG00000187742
SEH1L	ENSG00000085415
SEL1L	ENSG00000071537
SELK	ENSG00000113811
SELO	ENSG00000073169
SELT	ENSG00000198843
SENP2	ENSG00000163904
SENP3	ENSG00000161956
SENP5	ENSG00000119231
SENP6	ENSG00000112701
SEPHS1	ENSG00000086475
SERBP1	ENSG00000142864
SERF2	ENSG00000140264
SERGEF	ENSG00000129158
SERINC1	ENSG00000111897
SERINC3	ENSG00000132824
SERPINB6	ENSG00000124570
SERTAD2	ENSG00000179833
SET	ENSG00000119335
SETD2	ENSG00000181555
SETD3	ENSG00000183576
SETD5	ENSG00000168137
SETD6	ENSG00000103037
SETD7	ENSG00000145391
SETDB1	ENSG00000143379
SF1	ENSG00000168066
SF3A1	ENSG00000099995
SF3A3	ENSG00000183431
SF3B1	ENSG00000115524
SF3B2	ENSG00000087365
SF3B3	ENSG00000189091
SF3B4	ENSG00000143368
SF3B5	ENSG00000169976
SFSWAP	ENSG00000061936
SGMS1	ENSG00000198964
SGPL1	ENSG00000166224
SGSM3	ENSG00000100359
SGTA	ENSG00000104969
SH3BP5L	ENSG00000175137
SH3GLB1	ENSG00000097033
SHARPIN	ENSG00000179526
SHOC2	ENSG00000108061
SIAH1	ENSG00000196470
SIAH2	ENSG00000181788
SIGMAR1	ENSG00000147955
SIKE1	ENSG00000052723
SIL1	ENSG00000120725
SIRT2	ENSG00000068903
SIRT3	ENSG00000142082
SIRT5	ENSG00000124523
SIRT6	ENSG00000077463
SIVA1	ENSG00000184990
SKIL	ENSG00000136603
SKIV2L	ENSG00000232616
SKIV2L	 ENSG00000225737
SKIV2L	 ENSG00000204351
SKIV2L	 ENSG00000223493
SKIV2L	 ENSG00000206353
SKIV2L	 ENSG00000228896
SKIV2L2	ENSG00000039123
SKP1	ENSG00000113558
SLC15A4	ENSG00000139370
SLC20A1	ENSG00000144136
SLC25A11	ENSG00000108528
SLC25A26	ENSG00000144741
SLC25A28	ENSG00000155287
SLC25A3	ENSG00000075415
SLC25A32	ENSG00000164933
SLC25A38	ENSG00000144659
SLC25A39	ENSG00000013306
SLC25A44	ENSG00000160785
SLC25A46	ENSG00000164209
SLC25A5	ENSG00000005022
SLC27A4	ENSG00000167114
SLC30A1	ENSG00000170385
SLC30A5	ENSG00000145740
SLC30A9	ENSG00000014824
SLC35A2	ENSG00000102100
SLC35A4	ENSG00000176087
SLC35B1	ENSG00000121073
SLC35B2	ENSG00000157593
SLC35C2	ENSG00000080189
SLC35E1	ENSG00000127526
SLC35E3	ENSG00000175782
SLC35F5	ENSG00000115084
SLC38A2	ENSG00000134294
SLC39A1	ENSG00000143570
SLC39A3	ENSG00000141873
SLC39A7	ENSG00000206288
SLC39A7	 ENSG00000224399
SLC39A7	 ENSG00000227402
SLC39A7	 ENSG00000229802
SLC39A7	 ENSG00000226614
SLC39A7	 ENSG00000112473
SLC41A3	ENSG00000114544
SLC46A3	ENSG00000139508
SLC48A1	ENSG00000211584
SLIRP	ENSG00000119705
SLTM	ENSG00000137776
SMAD2	ENSG00000175387
SMAD4	ENSG00000141646
SMAD5	ENSG00000113658
SMAP1	ENSG00000112305
SMARCA2	ENSG00000080503
SMARCA4	ENSG00000127616
SMARCAL1	ENSG00000138375
SMARCB1	ENSG00000099956
SMARCB1	 ENSG00000275837
SMARCE1	ENSG00000073584
SMC1A	ENSG00000072501
SMC5	ENSG00000198887
SMG5	ENSG00000198952
SMG7	ENSG00000116698
SMG8	ENSG00000167447
SMIM12	ENSG00000163866
SMIM8	ENSG00000111850
SMNDC1	ENSG00000119953
SMPD1	ENSG00000166311
SMPD4	ENSG00000136699
SMU1	ENSG00000122692
SMUG1	ENSG00000123415
SNAP23	ENSG00000092531
SNAP29	ENSG00000099940
SNAP47	ENSG00000143740
SNAPC3	ENSG00000164975
SNAPC5	ENSG00000174446
SNAPIN	ENSG00000143553
SND1	ENSG00000197157
SNF8	ENSG00000159210
SNRNP200	ENSG00000144028
SNRNP25	ENSG00000161981
SNRNP27	ENSG00000124380
SNRNP35	ENSG00000184209
SNRNP40	ENSG00000060688
SNRNP48	ENSG00000168566
SNRNP70	ENSG00000104852
SNRPA	ENSG00000077312
SNRPB	ENSG00000125835
SNRPB2	ENSG00000125870
SNRPC	ENSG00000124562
SNRPD1	ENSG00000167088
SNRPD2	ENSG00000125743
SNRPD3	ENSG00000100028
SNRPG	ENSG00000143977
SNUPN	ENSG00000169371
SNW1	ENSG00000100603
SNX12	ENSG00000147164
SNX13	ENSG00000071189
SNX17	ENSG00000115234
SNX18	ENSG00000178996
SNX19	ENSG00000120451
SNX2	ENSG00000205302
SNX25	ENSG00000109762
SNX3	ENSG00000112335
SNX4	ENSG00000114520
SNX5	ENSG00000089006
SNX6	ENSG00000129515
SNX9	ENSG00000130340
SOCS4	ENSG00000180008
SOCS6	ENSG00000170677
SOD1	ENSG00000142168
SON	ENSG00000159140
SPAG7	ENSG00000091640
SPAG9	ENSG00000008294
SPATA2	ENSG00000158480
SPATA5L1	ENSG00000171763
SPCS1	ENSG00000114902
SPCS3	ENSG00000129128
SPECC1L	ENSG00000100014
SPEN	ENSG00000065526
SPG11	ENSG00000104133
SPG21	ENSG00000090487
SPG7	ENSG00000197912
SPHAR	ENSG00000213029
SPNS1	ENSG00000169682
SPOP	ENSG00000121067
SPPL2B	ENSG00000005206
SPPL3	ENSG00000157837
SPRYD3	ENSG00000167778
SPRYD7	ENSG00000123178
SPSB3	ENSG00000162032
SPTSSA	ENSG00000165389
SPTY2D1	ENSG00000179119
SRA1	ENSG00000213523
SRD5A3	ENSG00000128039
SREBF2	ENSG00000198911
SREK1IP1	ENSG00000153006
SRM	ENSG00000116649
SRP14	ENSG00000140319
SRP19	ENSG00000153037
SRP54	ENSG00000100883
SRP68	ENSG00000167881
SRP72	ENSG00000174780
SRP9	ENSG00000143742
SRPRB	ENSG00000144867
SRR	ENSG00000167720
SRRD	ENSG00000100104
SRRM1	ENSG00000133226
SRSF1	ENSG00000136450
SRSF10	ENSG00000188529
SRSF11	ENSG00000116754
SRSF2	ENSG00000161547
SRSF3	ENSG00000112081
SRSF4	ENSG00000116350
SRSF7	ENSG00000115875
SRSF8	ENSG00000263465
SS18L2	ENSG00000008324
SSB	ENSG00000138385
SSBP1	ENSG00000106028
SSBP1	 ENSG00000262771
SSNA1	ENSG00000176101
SSR1	ENSG00000124783
SSR2	ENSG00000163479
SSR3	ENSG00000114850
SSRP1	ENSG00000149136
SSSCA1	ENSG00000173465
SSU72	ENSG00000160075
ST3GAL2	ENSG00000157350
ST6GALNAC6	ENSG00000160408
ST7	ENSG00000004866
STAM	ENSG00000136738
STAM2	ENSG00000115145
STAMBP	ENSG00000124356
STARD3	ENSG00000131748
STARD7	ENSG00000084090
STAT3	ENSG00000168610
STAU1	ENSG00000124214
STAU2	ENSG00000040341
STIM1	ENSG00000167323
STIP1	ENSG00000168439
STK11	ENSG00000118046
STK16	ENSG00000115661
STOM	ENSG00000148175
STOML1	ENSG00000067221
STOML2	ENSG00000165283
STRAP	ENSG00000023734
STRIP1	ENSG00000143093
STRN3	ENSG00000196792
STT3A	ENSG00000134910
STT3B	ENSG00000163527
STUB1	ENSG00000103266
STX10	ENSG00000104915
STX17	ENSG00000136874
STX4	ENSG00000103496
STX5	ENSG00000162236
STX8	ENSG00000170310
STXBP3	ENSG00000116266
STYXL1	ENSG00000127952
SUB1	ENSG00000113387
SUCLA2	ENSG00000136143
SUCLG1	ENSG00000163541
SUCLG2	ENSG00000172340
SUGP1	ENSG00000105705
SUGT1	ENSG00000165416
SUMO1	ENSG00000116030
SUMO3	ENSG00000184900
SUN2	ENSG00000100242
SUPT4H1	ENSG00000213246
SUPT5H	ENSG00000196235
SUPT6H	ENSG00000109111
SUPT7L	ENSG00000119760
SUPV3L1	ENSG00000156502
SURF1	ENSG00000280627
SURF1	 ENSG00000148290
SURF4	ENSG00000148248
SURF4	 ENSG00000280951
SURF6	ENSG00000148296
SUZ12	ENSG00000178691
SYAP1	ENSG00000169895
SYF2	ENSG00000117614
SYMPK	ENSG00000125755
SYNCRIP	ENSG00000135316
SYNJ2BP	ENSG00000213463
SYPL1	ENSG00000008282
SYS1	ENSG00000204070
SYVN1	ENSG00000162298
SZRD1	ENSG00000055070
TAB1	ENSG00000100324
TAB2	ENSG00000055208
TACO1	ENSG00000136463
TADA1	ENSG00000152382
TADA3	ENSG00000171148
TAF10	ENSG00000166337
TAF11	ENSG00000064995
TAF12	ENSG00000120656
TAF13	ENSG00000197780
TAF15	ENSG00000276833
TAF15	 ENSG00000270647
TAF1D	ENSG00000166012
TAF4	ENSG00000130699
TAF4	 ENSG00000280529
TAF5L	ENSG00000135801
TAF8	ENSG00000137413
TAF9	ENSG00000279247
TAF9	 ENSG00000273841
TAF9	 ENSG00000085231
TAF9	 ENSG00000276463
TALDO1	ENSG00000177156
TAMM41	ENSG00000279643
TAMM41	 ENSG00000144559
TANGO2	ENSG00000183597
TANGO6	ENSG00000103047
TANK	ENSG00000136560
TAOK2	ENSG00000149930
TAPBP	ENSG00000206281
TAPBP	 ENSG00000206208
TAPBP	 ENSG00000236490
TAPBP	 ENSG00000231925
TAPBP	 ENSG00000112493
TAPT1	ENSG00000169762
TARDBP	ENSG00000120948
TARS	ENSG00000113407
TATDN1	ENSG00000147687
TATDN2	ENSG00000157014
TAX1BP1	ENSG00000106052
TAZ	ENSG00000102125
TBC1D1	ENSG00000065882
TBC1D14	ENSG00000132405
TBC1D15	ENSG00000121749
TBC1D20	ENSG00000125875
TBC1D22A	ENSG00000054611
TBC1D23	ENSG00000036054
TBC1D7	ENSG00000145979
TBC1D9B	ENSG00000197226
TBCA	ENSG00000171530
TBCB	ENSG00000105254
TBCC	ENSG00000124659
TBCCD1	ENSG00000113838
TBCD	ENSG00000141556
TBCD	 ENSG00000278759
TBCE	ENSG00000116957
TBK1	ENSG00000183735
TBRG1	ENSG00000154144
TBRG4	ENSG00000136270
TCAIM	ENSG00000179152
TCEANC2	ENSG00000116205
TCEB1	ENSG00000154582
TCEB2	ENSG00000103363
TCEB3	ENSG00000011007
TCERG1	ENSG00000113649
TCF12	ENSG00000140262
TCF20	ENSG00000262024
TCF20	 ENSG00000282892
TCF20	 ENSG00000100207
TCF20	 ENSG00000281897
TCF20	 ENSG00000283026
TCF20	 ENSG00000280467
TCF20	 ENSG00000276461
TCF25	ENSG00000141002
TCP1	ENSG00000120438
TCTN3	ENSG00000119977
TDP2	ENSG00000111802
TDRD3	ENSG00000083544
TECR	ENSG00000099797
TEF	ENSG00000167074
TEFM	ENSG00000172171
TELO2	ENSG00000100726
TERF2	ENSG00000132604
TERF2IP	ENSG00000166848
TEX2	ENSG00000136478
TEX261	ENSG00000144043
TEX264	ENSG00000164081
TFAM	ENSG00000108064
TFB1M	ENSG00000029639
TFB2M	ENSG00000162851
TFCP2	ENSG00000135457
TFDP1	ENSG00000198176
TFE3	ENSG00000068323
TFG	ENSG00000114354
TFIP11	ENSG00000100109
TFPT	ENSG00000276296
TFPT	 ENSG00000105619
TFPT	 ENSG00000276263
TFPT	 ENSG00000274073
TFPT	 ENSG00000276504
TFPT	 ENSG00000276022
TFPT	 ENSG00000275086
TFPT	 ENSG00000273833
TFPT	 ENSG00000278161
TFPT	 ENSG00000276323
TGOLN2	ENSG00000152291
THADA	ENSG00000115970
THAP3	ENSG00000041988
THAP4	ENSG00000176946
THAP5	ENSG00000177683
THAP7	ENSG00000184436
THOC5	ENSG00000100296
THOC7	ENSG00000163634
THOP1	ENSG00000172009
THRAP3	ENSG00000054118
THTPA	ENSG00000259431
THUMPD3	ENSG00000134077
THYN1	ENSG00000151500
TIA1	ENSG00000116001
TIAL1	ENSG00000151923
TICAM1	ENSG00000127666
TIGD5	ENSG00000179886
TIGD5	 ENSG00000278016
TIGD6	ENSG00000164296
TIMM10	ENSG00000134809
TIMM10B	ENSG00000132286
TIMM13	ENSG00000099800
TIMM17A	ENSG00000134375
TIMM17B	ENSG00000126768
TIMM21	ENSG00000075336
TIMM22	ENSG00000278501
TIMM22	 ENSG00000177370
TIMM22	 ENSG00000277649
TIMM44	ENSG00000104980
TIMM50	ENSG00000105197
TIMM8B	ENSG00000150779
TIMM9	ENSG00000100575
TIMMDC1	ENSG00000113845
TINF2	ENSG00000092330
TIPRL	ENSG00000143155
TJAP1	ENSG00000137221
TLE1	ENSG00000196781
TLK1	ENSG00000198586
TM2D1	ENSG00000162604
TM2D2	ENSG00000169490
TM2D3	ENSG00000184277
TM9SF1	ENSG00000100926
TM9SF2	ENSG00000125304
TM9SF3	ENSG00000077147
TM9SF4	ENSG00000101337
TMBIM1	ENSG00000135926
TMBIM4	ENSG00000282031
TMBIM4	 ENSG00000155957
TMBIM6	ENSG00000139644
TMCC1	ENSG00000172765
TMCO1	ENSG00000143183
TMCO3	ENSG00000150403
TMED1	ENSG00000099203
TMED10	ENSG00000170348
TMED2	ENSG00000086598
TMED4	ENSG00000158604
TMED5	ENSG00000117500
TMED7	ENSG00000134970
TMED9	ENSG00000184840
TMEM101	ENSG00000091947
TMEM106B	ENSG00000106460
TMEM106C	ENSG00000134291
TMEM115	ENSG00000126062
TMEM120A	ENSG00000189077
TMEM126A	ENSG00000171202
TMEM127	ENSG00000135956
TMEM128	ENSG00000132406
TMEM129	ENSG00000168936
TMEM131	ENSG00000075568
TMEM134	ENSG00000172663
TMEM141	ENSG00000244187
TMEM147	ENSG00000105677
TMEM14B	ENSG00000137210
TMEM14C	ENSG00000111843
TMEM161A	ENSG00000064545
TMEM167B	ENSG00000215717
TMEM168	ENSG00000146802
TMEM177	ENSG00000144120
TMEM179B	ENSG00000185475
TMEM18	ENSG00000151353
TMEM184C	ENSG00000164168
TMEM185B	ENSG00000226479
TMEM186	ENSG00000184857
TMEM187	ENSG00000177854
TMEM189	ENSG00000240849
TMEM19	ENSG00000139291
TMEM192	ENSG00000170088
TMEM199	ENSG00000244045
TMEM203	ENSG00000187713
TMEM205	ENSG00000105518
TMEM214	ENSG00000119777
TMEM219	ENSG00000149932
TMEM222	ENSG00000186501
TMEM223	ENSG00000168569
TMEM230	ENSG00000089063
TMEM242	ENSG00000215712
TMEM248	ENSG00000106609
TMEM251	ENSG00000153485
TMEM251	 ENSG00000275947
TMEM256	ENSG00000205544
TMEM258	ENSG00000134825
TMEM259	ENSG00000182087
TMEM30A	ENSG00000112697
TMEM33	ENSG00000109133
TMEM39A	ENSG00000176142
TMEM41A	ENSG00000163900
TMEM41B	ENSG00000166471
TMEM42	ENSG00000169964
TMEM42	 ENSG00000280516
TMEM5	ENSG00000118600
TMEM50A	ENSG00000183726
TMEM50B	ENSG00000263160
TMEM50B	 ENSG00000142188
TMEM55B	ENSG00000165782
TMEM57	ENSG00000204178
TMEM59	ENSG00000116209
TMEM60	ENSG00000135211
TMEM62	ENSG00000137842
TMEM63B	ENSG00000137216
TMEM64	ENSG00000180694
TMEM69	ENSG00000159596
TMEM70	ENSG00000175606
TMEM81	ENSG00000174529
TMEM87A	ENSG00000103978
TMEM9	ENSG00000116857
TMEM9B	ENSG00000175348
TMF1	ENSG00000144747
TMLHE	ENSG00000185973
TMPO	ENSG00000120802
TMUB1	ENSG00000164897
TMUB2	ENSG00000168591
TMX1	ENSG00000139921
TMX2	ENSG00000213593
TMX4	ENSG00000125827
TNFAIP1	ENSG00000109079
TNIP1	ENSG00000145901
TNKS2	ENSG00000107854
TNPO1	ENSG00000083312
TNPO3	ENSG00000064419
TNRC6A	ENSG00000090905
TOB1	ENSG00000141232
TOLLIP	ENSG00000078902
TOMM20	ENSG00000173726
TOMM22	ENSG00000100216
TOMM40	ENSG00000130204
TOMM5	ENSG00000175768
TOMM6	ENSG00000214736
TOMM7	ENSG00000196683
TOMM70A	ENSG00000154174
TOP1	ENSG00000198900
TOP2B	ENSG00000077097
TOPORS	ENSG00000197579
TOR1A	ENSG00000136827
TOR1AIP2	ENSG00000169905
TOR1B	ENSG00000136816
TOR3A	ENSG00000186283
TOX4	ENSG00000092203
TP53RK	ENSG00000172315
TPCN1	ENSG00000186815
TPD52L2	ENSG00000101150
TPGS1	ENSG00000141933
TPI1	ENSG00000111669
TPP2	ENSG00000134900
TPRA1	ENSG00000163870
TPRG1L	ENSG00000158109
TPRKB	ENSG00000144034
TPRN	ENSG00000176058
TPST2	ENSG00000128294
TRA2A	ENSG00000164548
TRA2B	ENSG00000136527
TRAF6	ENSG00000175104
TRAF7	ENSG00000131653
TRAP1	ENSG00000126602
TRAPPC1	ENSG00000170043
TRAPPC10	ENSG00000160218
TRAPPC11	ENSG00000168538
TRAPPC12	ENSG00000171853
TRAPPC12	 ENSG00000274891
TRAPPC13	ENSG00000113597
TRAPPC2L	ENSG00000167515
TRAPPC3	ENSG00000054116
TRAPPC4	ENSG00000196655
TRAPPC4	 ENSG00000280495
TRAPPC5	ENSG00000181029
TRAPPC6B	ENSG00000182400
TRAPPC8	ENSG00000153339
TRAPPC9	ENSG00000167632
TRIAP1	ENSG00000170855
TRIM26	ENSG00000234127
TRIM26	 ENSG00000226060
TRIM26	 ENSG00000137313
TRIM26	 ENSG00000231002
TRIM26	 ENSG00000230230
TRIM26	 ENSG00000234046
TRIM26	 ENSG00000228881
TRIM26	 ENSG00000231641
TRIM27	ENSG00000234495
TRIM27	 ENSG00000204713
TRIM27	 ENSG00000237462
TRIM27	 ENSG00000229006
TRIM27	 ENSG00000237071
TRIM27	 ENSG00000215641
TRIM27	 ENSG00000233948
TRIM28	ENSG00000130726
TRIM3	ENSG00000110171
TRIM39	ENSG00000232839
TRIM39	 ENSG00000229929
TRIM39	 ENSG00000204599
TRIM39	 ENSG00000224994
TRIM39	 ENSG00000226437
TRIM39	 ENSG00000206495
TRIM39	 ENSG00000230308
TRIM41	ENSG00000146063
TRIM44	ENSG00000166326
TRIM56	ENSG00000169871
TRIM65	ENSG00000141569
TRIM8	ENSG00000171206
TRIP12	ENSG00000153827
TRIP4	ENSG00000103671
TRMT1	ENSG00000104907
TRMT10C	ENSG00000174173
TRMT112	ENSG00000173113
TRMT12	ENSG00000183665
TRMT1L	ENSG00000121486
TRMT2A	ENSG00000099899
TRNAU1AP	ENSG00000180098
TRNT1	ENSG00000072756
TRPC4AP	ENSG00000100991
TRPT1	ENSG00000149743
TRUB2	ENSG00000167112
TSC2	ENSG00000103197
TSEN15	ENSG00000198860
TSEN34	ENSG00000278712
TSEN34	 ENSG00000275165
TSEN34	 ENSG00000274672
TSEN34	 ENSG00000278605
TSEN34	 ENSG00000273896
TSEN34	 ENSG00000274796
TSEN34	 ENSG00000274129
TSEN34	 ENSG00000278622
TSEN34	 ENSG00000170892
TSEN34	 ENSG00000274078
TSFM	ENSG00000123297
TSG101	ENSG00000074319
TSN	ENSG00000211460
TSNAX	ENSG00000116918
TSPAN17	ENSG00000048140
TSPAN31	ENSG00000135452
TSPYL1	ENSG00000189241
TSR1	ENSG00000167721
TSR2	ENSG00000158526
TSR3	ENSG00000007520
TSSC4	ENSG00000184281
TSTA3	ENSG00000278243
TSTA3	 ENSG00000104522
TSTD2	ENSG00000136925
TTC1	ENSG00000113312
TTC17	ENSG00000052841
TTC19	ENSG00000011295
TTC32	ENSG00000183891
TTC33	ENSG00000113638
TTC37	ENSG00000198677
TTC4	ENSG00000243725
TTC7B	ENSG00000165914
TTC9C	ENSG00000162222
TTI1	ENSG00000101407
TTI2	ENSG00000129696
TUBA1B	ENSG00000123416
TUBA1C	ENSG00000167553
TUBB	ENSG00000229684
TUBB	 ENSG00000232421
TUBB	 ENSG00000183311
TUBB	 ENSG00000235067
TUBB	 ENSG00000232575
TUBB	 ENSG00000196230
TUBB	 ENSG00000224156
TUBB	 ENSG00000227739
TUBD1	ENSG00000108423
TUBGCP2	ENSG00000130640
TUBGCP4	ENSG00000137822
TUFM	ENSG00000178952
TUSC2	ENSG00000114383
TUT1	ENSG00000149016
TVP23B	ENSG00000171928
TXLNA	ENSG00000084652
TXLNG	ENSG00000086712
TXN2	ENSG00000100348
TXNDC11	ENSG00000153066
TXNDC12	ENSG00000117862
TXNDC15	ENSG00000113621
TXNDC17	ENSG00000129235
TXNDC9	ENSG00000115514
TXNL1	ENSG00000091164
TXNL4A	ENSG00000141759
TXNL4B	ENSG00000140830
TXNRD1	ENSG00000198431
TYK2	ENSG00000105397
TYW1	ENSG00000198874
U2AF1	ENSG00000160201
U2AF1L4	ENSG00000161265
U2AF2	ENSG00000063244
UAP1	ENSG00000117143
UBA1	ENSG00000130985
UBA2	ENSG00000126261
UBA3	ENSG00000144744
UBA5	ENSG00000081307
UBA52	ENSG00000221983
UBAC2	ENSG00000134882
UBALD1	ENSG00000153443
UBAP1	ENSG00000165006
UBAP2L	ENSG00000143569
UBB	ENSG00000170315
UBC	ENSG00000150991
UBE2A	ENSG00000077721
UBE2B	ENSG00000119048
UBE2D2	ENSG00000131508
UBE2D3	ENSG00000109332
UBE2D4	ENSG00000078967
UBE2E1	ENSG00000170142
UBE2E2	ENSG00000182247
UBE2E3	ENSG00000170035
UBE2F	ENSG00000184182
UBE2G2	ENSG00000184787
UBE2H	ENSG00000186591
UBE2I	ENSG00000103275
UBE2J1	ENSG00000198833
UBE2J2	ENSG00000160087
UBE2K	ENSG00000078140
UBE2L3	ENSG00000185651
UBE2M	ENSG00000130725
UBE2N	ENSG00000177889
UBE2NL	ENSG00000282795
UBE2NL	 ENSG00000276380
UBE2Q1	ENSG00000160714
UBE2R2	ENSG00000107341
UBE2V1	ENSG00000244687
UBE2V2	ENSG00000169139
UBE2W	ENSG00000104343
UBE2Z	ENSG00000159202
UBE3A	ENSG00000114062
UBE3B	ENSG00000151148
UBE3C	ENSG00000009335
UBE4A	ENSG00000110344
UBE4B	ENSG00000130939
UBFD1	ENSG00000103353
UBIAD1	ENSG00000120942
UBL3	ENSG00000122042
UBL4A	ENSG00000102178
UBL5	ENSG00000198258
UBL7	ENSG00000138629
UBOX5	ENSG00000185019
UBP1	ENSG00000153560
UBQLN1	ENSG00000135018
UBQLN2	ENSG00000188021
UBQLN4	ENSG00000160803
UBR2	ENSG00000024048
UBR7	ENSG00000012963
UBR7	 ENSG00000278787
UBTD1	ENSG00000165886
UBTF	ENSG00000108312
UBXN2A	ENSG00000173960
UBXN4	ENSG00000144224
UBXN6	ENSG00000167671
UCHL3	ENSG00000118939
UCHL5	ENSG00000116750
UCK1	ENSG00000130717
UCK2	ENSG00000143179
UCKL1	ENSG00000198276
UEVLD	ENSG00000151116
UFC1	ENSG00000143222
UFD1L	ENSG00000070010
UFL1	ENSG00000014123
UFSP2	ENSG00000109775
UGP2	ENSG00000169764
UHRF1BP1L	ENSG00000111647
ULK1	ENSG00000177169
ULK3	ENSG00000140474
UNC50	ENSG00000115446
UNG	ENSG00000076248
UPF1	ENSG00000005007
UPF2	ENSG00000151461
UPF3B	ENSG00000125351
UPRT	ENSG00000094841
UQCR10	ENSG00000184076
UQCR11	ENSG00000127540
UQCRB	ENSG00000156467
UQCRC1	ENSG00000010256
UQCRC2	ENSG00000140740
UQCRHL	ENSG00000233954
UQCRQ	ENSG00000164405
URGCP	ENSG00000106608
URI1	ENSG00000105176
URM1	ENSG00000167118
UROD	ENSG00000126088
UROS	ENSG00000188690
USB1	ENSG00000103005
USE1	ENSG00000053501
USF1	ENSG00000158773
USF2	ENSG00000105698
USP10	ENSG00000103194
USP14	ENSG00000101557
USP16	ENSG00000156256
USP19	ENSG00000172046
USP22	ENSG00000124422
USP25	ENSG00000155313
USP27X	ENSG00000273820
USP33	ENSG00000077254
USP38	ENSG00000170185
USP39	ENSG00000168883
USP4	ENSG00000114316
USP47	ENSG00000170242
USP5	ENSG00000111667
USP7	ENSG00000187555
USP8	ENSG00000138592
USP9X	ENSG00000124486
UTP11L	ENSG00000183520
UTP14A	ENSG00000156697
UTP14C	ENSG00000253797
UTP15	ENSG00000164338
UTP23	ENSG00000147679
UTP3	ENSG00000132467
UTP6	ENSG00000108651
UXS1	ENSG00000115652
UXT	ENSG00000126756
VAC14	ENSG00000103043
VAMP3	ENSG00000049245
VAMP5	ENSG00000168899
VAPA	ENSG00000101558
VAPB	ENSG00000124164
VARS2	ENSG00000206476
VARS2	 ENSG00000234032
VARS2	 ENSG00000230985
VARS2	 ENSG00000236178
VARS2	 ENSG00000223494
VARS2	 ENSG00000137411
VBP1	ENSG00000155959
VCP	ENSG00000165280
VDAC3	ENSG00000078668
VEZT	ENSG00000028203
VIMP	ENSG00000131871
VMA21	ENSG00000160131
VPS16	ENSG00000215305
VPS18	ENSG00000104142
VPS25	ENSG00000131475
VPS26A	ENSG00000122958
VPS26B	ENSG00000151502
VPS28	ENSG00000160948
VPS29	ENSG00000111237
VPS33A	ENSG00000139719
VPS36	ENSG00000136100
VPS37A	ENSG00000155975
VPS4A	ENSG00000132612
VPS51	ENSG00000149823
VPS52	ENSG00000236014
VPS52	 ENSG00000206286
VPS52	 ENSG00000223501
VPS52	 ENSG00000224455
VPS52	 ENSG00000225590
VPS52	 ENSG00000228425
VPS52	 ENSG00000223618
VPS53	ENSG00000141252
VPS72	ENSG00000163159
VRK2	ENSG00000028116
VRK3	ENSG00000105053
VTA1	ENSG00000009844
VTI1A	ENSG00000151532
VTI1B	ENSG00000100568
WAC	ENSG00000095787
WARS2	ENSG00000116874
WBP11	ENSG00000084463
WBP1L	ENSG00000166272
WBP2	ENSG00000132471
WBP4	ENSG00000120688
WBSCR22	ENSG00000071462
WDR1	ENSG00000071127
WDR12	ENSG00000138442
WDR13	ENSG00000101940
WDR18	ENSG00000065268
WDR20	ENSG00000140153
WDR24	ENSG00000127580
WDR25	ENSG00000176473
WDR26	ENSG00000162923
WDR3	ENSG00000065183
WDR33	ENSG00000136709
WDR36	ENSG00000134987
WDR41	ENSG00000164253
WDR43	ENSG00000163811
WDR44	ENSG00000131725
WDR45	ENSG00000196998
WDR45B	ENSG00000141580
WDR46	ENSG00000204221
WDR46	 ENSG00000226916
WDR46	 ENSG00000236222
WDR46	 ENSG00000227057
WDR46	 ENSG00000206284
WDR55	ENSG00000120314
WDR59	ENSG00000103091
WDR5B	ENSG00000196981
WDR6	ENSG00000178252
WDR61	ENSG00000140395
WDR70	ENSG00000082068
WDR73	ENSG00000177082
WDR74	ENSG00000133316
WDR75	ENSG00000115368
WDR77	ENSG00000116455
WDR81	ENSG00000276021
WDR81	 ENSG00000167716
WDR83OS	ENSG00000105583
WDR89	ENSG00000140006
WDTC1	ENSG00000142784
WIPI2	ENSG00000157954
WIZ	ENSG00000011451
WRAP53	ENSG00000141499
WRB	ENSG00000182093
WRNIP1	ENSG00000124535
WSB2	ENSG00000176871
WTAP	ENSG00000146457
WTH3DI	ENSG00000222014
WWP1	ENSG00000123124
WWP2	ENSG00000198373
XIAP	ENSG00000101966
XPA	ENSG00000136936
XPC	ENSG00000154767
XPNPEP1	ENSG00000108039
XPO1	ENSG00000082898
XPO7	ENSG00000130227
XPOT	ENSG00000184575
XRCC5	ENSG00000079246
XRCC6	ENSG00000196419
XYLT2	ENSG00000015532
YAF2	ENSG00000015153
YARS	ENSG00000134684
YARS2	ENSG00000139131
YIF1A	ENSG00000174851
YIF1B	ENSG00000167645
YIPF1	ENSG00000058799
YIPF3	ENSG00000137207
YIPF4	ENSG00000119820
YIPF5	ENSG00000145817
YIPF6	ENSG00000181704
YKT6	ENSG00000106636
YME1L1	ENSG00000136758
YPEL2	ENSG00000175155
YRDC	ENSG00000196449
YTHDC1	ENSG00000083896
YTHDC1	 ENSG00000275272
YTHDF1	ENSG00000149658
YTHDF2	ENSG00000198492
YTHDF3	ENSG00000185728
YWHAB	ENSG00000166913
YWHAE	ENSG00000108953
YWHAE	 ENSG00000274474
YY1	ENSG00000100811
YY1AP1	ENSG00000163374
ZADH2	ENSG00000180011
ZBED4	ENSG00000100426
ZBED6	ENSG00000257315
ZBTB1	ENSG00000126804
ZBTB10	ENSG00000205189
ZBTB11	ENSG00000066422
ZBTB14	ENSG00000198081
ZBTB17	ENSG00000116809
ZBTB18	ENSG00000179456
ZBTB21	ENSG00000173276
ZBTB25	ENSG00000089775
ZBTB33	ENSG00000177485
ZBTB39	ENSG00000166860
ZBTB44	ENSG00000196323
ZBTB45	ENSG00000119574
ZBTB5	ENSG00000168795
ZBTB6	ENSG00000186130
ZBTB7A	ENSG00000178951
ZBTB8OS	ENSG00000176261
ZC3H10	ENSG00000135482
ZC3H11A	ENSG00000058673
ZC3H13	ENSG00000123200
ZC3H15	ENSG00000065548
ZC3H18	ENSG00000158545
ZC3H3	ENSG00000282684
ZC3H3	 ENSG00000014164
ZC3H7A	ENSG00000122299
ZC3H7B	ENSG00000100403
ZCCHC10	ENSG00000155329
ZCCHC11	ENSG00000134744
ZCCHC3	ENSG00000247315
ZCCHC7	ENSG00000147905
ZCCHC9	ENSG00000131732
ZCRB1	ENSG00000139168
ZDHHC14	ENSG00000175048
ZDHHC16	ENSG00000171307
ZDHHC2	ENSG00000104219
ZDHHC3	ENSG00000280674
ZDHHC3	 ENSG00000163812
ZDHHC4	ENSG00000136247
ZDHHC5	ENSG00000156599
ZDHHC8	ENSG00000099904
ZFAND1	ENSG00000104231
ZFAND2B	ENSG00000158552
ZFAND3	ENSG00000156639
ZFAND5	ENSG00000107372
ZFAND6	ENSG00000086666
ZFP91	ENSG00000186660
ZFPL1	ENSG00000162300
ZFR	ENSG00000056097
ZFYVE1	ENSG00000165861
ZFYVE19	ENSG00000166140
ZFYVE27	ENSG00000155256
ZGPAT	ENSG00000197114
ZHX1	ENSG00000165156
ZHX2	ENSG00000178764
ZHX3	ENSG00000174306
ZKSCAN1	ENSG00000106261
ZMAT2	ENSG00000146007
ZMAT3	ENSG00000172667
ZMAT5	ENSG00000100319
ZMPSTE24	ENSG00000084073
ZMYM2	ENSG00000121741
ZMYND11	ENSG00000015171
ZNF121	ENSG00000197961
ZNF131	ENSG00000172262
ZNF134	ENSG00000213762
ZNF138	ENSG00000197008
ZNF142	ENSG00000115568
ZNF143	ENSG00000166478
ZNF146	ENSG00000167635
ZNF174	ENSG00000103343
ZNF181	ENSG00000197841
ZNF189	ENSG00000136870
ZNF195	ENSG00000005801
ZNF197	ENSG00000281709
ZNF197	 ENSG00000186448
ZNF207	ENSG00000010244
ZNF22	ENSG00000165512
ZNF226	ENSG00000167380
ZNF232	ENSG00000167840
ZNF24	ENSG00000172466
ZNF274	ENSG00000171606
ZNF277	ENSG00000198839
ZNF280D	ENSG00000137871
ZNF281	ENSG00000162702
ZNF3	ENSG00000166526
ZNF32	ENSG00000169740
ZNF322	ENSG00000181315
ZNF326	ENSG00000162664
ZNF330	ENSG00000109445
ZNF335	ENSG00000198026
ZNF33A	ENSG00000189180
ZNF343	ENSG00000088876
ZNF347	ENSG00000197937
ZNF37A	ENSG00000075407
ZNF384	ENSG00000126746
ZNF394	ENSG00000160908
ZNF397	ENSG00000186812
ZNF398	ENSG00000197024
ZNF408	ENSG00000175213
ZNF41	ENSG00000147124
ZNF410	ENSG00000119725
ZNF414	ENSG00000133250
ZNF419	ENSG00000105136
ZNF438	ENSG00000183621
ZNF444	ENSG00000167685
ZNF446	ENSG00000083838
ZNF48	ENSG00000180035
ZNF480	ENSG00000198464
ZNF491	ENSG00000177599
ZNF506	ENSG00000081665
ZNF507	ENSG00000168813
ZNF513	ENSG00000163795
ZNF518A	ENSG00000177853
ZNF526	ENSG00000167625
ZNF561	ENSG00000171469
ZNF574	ENSG00000105732
ZNF576	ENSG00000124444
ZNF579	ENSG00000218891
ZNF580	ENSG00000213015
ZNF592	ENSG00000166716
ZNF593	ENSG00000142684
ZNF598	ENSG00000167962
ZNF620	ENSG00000177842
ZNF622	ENSG00000173545
ZNF623	ENSG00000183309
ZNF623	 ENSG00000276340
ZNF638	ENSG00000075292
ZNF639	ENSG00000121864
ZNF641	ENSG00000167528
ZNF644	ENSG00000122482
ZNF649	ENSG00000198093
ZNF654	ENSG00000175105
ZNF655	ENSG00000197343
ZNF664	ENSG00000179195
ZNF668	ENSG00000167394
ZNF672	ENSG00000171161
ZNF687	ENSG00000143373
ZNF688	ENSG00000229809
ZNF691	ENSG00000164011
ZNF7	ENSG00000147789
ZNF706	ENSG00000120963
ZNF721	ENSG00000182903
ZNF740	ENSG00000139651
ZNF76	ENSG00000065029
ZNF764	ENSG00000169951
ZNF770	ENSG00000198146
ZNF777	ENSG00000196453
ZNF787	ENSG00000142409
ZNF805	ENSG00000204524
ZNF814	ENSG00000204514
ZNF830	ENSG00000198783
ZNF865	ENSG00000261221
ZNF91	ENSG00000167232
ZNHIT1	ENSG00000106400
ZNHIT3	ENSG00000278574
ZNHIT3	 ENSG00000273611
ZNRD1	ENSG00000224859
ZNRD1	 ENSG00000066379
ZNRD1	 ENSG00000206502
ZNRD1	 ENSG00000233795
ZNRD1	 ENSG00000236808
ZNRD1	 ENSG00000235443
ZNRD1	 ENSG00000236949
ZNRD1	 ENSG00000235176
ZRANB1	ENSG00000019995
ZRANB2	ENSG00000132485
ZSCAN21	ENSG00000166529
ZSCAN29	ENSG00000140265
ZSCAN32	ENSG00000140987
ZSWIM1	ENSG00000168612
ZSWIM7	ENSG00000214941
ZSWIM8	ENSG00000214655
ZW10	ENSG00000086827
ZXDA	ENSG00000198205
ZXDB	ENSG00000198455
ZZZ3	ENSG00000036549
