ensembl_gene_id,gene_name
ENSG00000102309,PIN4
ENSG00000186871,ERCC6L
ENSG00000198034,RPS4X
ENSG00000102100,SLC35A2
ENSG00000102096,PIM2
ENSG00000207725,MIR222
ENSG00000269902,RP6-99M1.3
ENSG00000231566,RP5-1158E12.3
ENSG00000212347,SNORD77
ENSG00000215286,RP5-1158E12.2
ENSG00000234613,RP5-1158E12.1
ENSG00000224701,MED28P4
ENSG00000213100,KRT18P68
ENSG00000214009,PCNAP3
ENSG00000186416,NKRF
ENSG00000068308,OTUD5
ENSG00000125931,CITED1
ENSG00000229145,ACTBP1
ENSG00000236751,RP1-30G7.2
ENSG00000231235,RP11-75A9.1
ENSG00000235587,GAPDHP65
ENSG00000224072,RP11-75A9.3
ENSG00000199226,RNU6-50P
ENSG00000230844,ZNF674-AS1
ENSG00000270499,MKI67P1
ENSG00000213997,PGAM1P7
ENSG00000226048,YBX1P8
ENSG00000221494,MIR548I4
ENSG00000215284,RP11-198M15.1
ENSG00000233484,RP11-74B21.1
ENSG00000206685,RNU6-1189P
ENSG00000201659,RNU12-2P
ENSG00000259640,RP6-33F8.1
ENSG00000237351,CTD-2522E6.4
ENSG00000224975,INE1
ENSG00000237211,SETP4
ENSG00000237623,RP11-571E6.1
ENSG00000229547,UBE2DNL
ENSG00000230781,RP1-215K18.4
ENSG00000235461,RP5-928E24.2
ENSG00000264517,AC003001.1
ENSG00000223707,RP1-93L7.3
ENSG00000199051,MIR361
ENSG00000199567,Y_RNA
ENSG00000234039,NDUFA5P7
ENSG00000225536,RP6-145B8.3
ENSG00000238729,snoU13
ENSG00000266158,RN7SL785P
ENSG00000203402,RP11-571E6.3
ENSG00000201450,RNU6-149P
ENSG00000221459,SNORA11C
ENSG00000232009,RP11-571E6.4
ENSG00000223574,TPMTP4
ENSG00000226556,NPM1P49
ENSG00000235636,NUS1P1
ENSG00000263858,MIR4769
ENSG00000215093,EEF1A1P29
ENSG00000223772,GEMIN8P3
ENSG00000226388,ELL2P4
ENSG00000221463,MIR1277
ENSG00000231686,RP1-203P18.1
ENSG00000206862,Y_RNA
ENSG00000230399,RBBP8P1
ENSG00000235699,CXorf51B
ENSG00000239182,SNORA35
ENSG00000250995,RP13-128O4.3
ENSG00000203650,RP4-562J12.2
ENSG00000224440,CXorf51A
ENSG00000225660,RP1-73A14.1
ENSG00000267064,UXT-AS1
ENSG00000231478,FCF1P9
ENSG00000271660,RP1-73A14.2
ENSG00000224341,RP4-562J12.1
ENSG00000216171,MIR513C
ENSG00000271290,RP11-345E19.2
ENSG00000187893,CXXC1P1
ENSG00000236190,RP3-431C21.1
ENSG00000207871,MIR513B
ENSG00000102057,KCND1
ENSG00000207873,MIR513A1
ENSG00000231270,RP13-347D8.1
ENSG00000227864,ARL5AP1
ENSG00000271457,RP11-192B18.1
ENSG00000207984,MIR513A2
ENSG00000200422,SNORD45
ENSG00000207731,MIR506
ENSG00000230478,RP1-52D1.1
ENSG00000230170,HNRNPA1P28
ENSG00000207969,MIR507
ENSG00000207589,MIR508
ENSG00000264366,Z95400.1
ENSG00000270625,RP4-555N2.4
ENSG00000237506,RPSAP15
ENSG00000252583,MIR514B
ENSG00000214992,AKAP17BP
ENSG00000212013,MIR509-2
ENSG00000271205,RP1-138A5.2
ENSG00000270446,RP6-43L17.1
ENSG00000212014,MIR509-3
ENSG00000230392,RP5-1139I1.1
ENSG00000208000,MIR509-1
ENSG00000271056,RP6-43L17.2
ENSG00000207641,MIR510
ENSG00000226661,RP5-1139I1.2
ENSG00000207868,MIR514A1
ENSG00000230706,RP5-998G20.1
ENSG00000227814,MRPS17P9
ENSG00000207866,MIR514A2
ENSG00000237903,RP3-404F18.5
ENSG00000230956,RP3-452M16.1
ENSG00000207867,MIR514A3
ENSG00000228855,RP3-433G13.1
ENSG00000227505,RP11-434J24.2
ENSG00000207175,RNU1-67P
ENSG00000264952,AC004000.1
ENSG00000266420,RN7SL118P
ENSG00000271175,RP11-434J24.3
ENSG00000252147,Y_RNA
ENSG00000224281,SLC25A5-AS1
ENSG00000202051,RNU6-382P
ENSG00000227083,L29074.3
ENSG00000125354,SEPT6
ENSG00000211578,MIR766
ENSG00000206622,SNORA69
ENSG00000227285,RP3-327A19.5
ENSG00000252016,ACA64
ENSG00000271693,CTD-2194M22.1
ENSG00000268066,FMR1-AS1
ENSG00000271157,RP1-249C1.1
ENSG00000182378,PLCXD1
ENSG00000224656,RP1-212G6.4
ENSG00000229968,RP3-393P12.1
ENSG00000264392,AC002477.1
ENSG00000232576,RP11-137D19.1
ENSG00000234493,GS1-421I3.2
ENSG00000270745,RP13-324D24.1
ENSG00000224065,SRIP2
ENSG00000188459,WASF4P
ENSG00000225012,RP13-348B13.2
ENSG00000224401,RPL7P57
ENSG00000221005,AL161723.1
ENSG00000258545,RP4-755D9.1
ENSG00000238068,ZNF630-AS1
ENSG00000227581,RP13-140E4.1
ENSG00000238473,snoU13
ENSG00000226081,USP12PX
ENSG00000227434,RNF19BPX
ENSG00000228139,GS1-421I3.4
ENSG00000171483,SSX6
ENSG00000229667,UBE2V1P9
ENSG00000233382,NKAPP1
ENSG00000178605,GTPBP6
ENSG00000230241,RP11-38O23.3
ENSG00000233139,RP11-38O23.4
ENSG00000201517,RNU6-707P
ENSG00000225198,SSXP3
ENSG00000207515,RNU6-555P
ENSG00000206062,RP13-212L9.1
ENSG00000238032,RP11-38O23.7
ENSG00000234780,RP11-552E4.2
ENSG00000167393,PPP2R3B
ENSG00000252856,RNA5SP503
ENSG00000204368,RP11-552E4.3
ENSG00000236337,FMR1-IT1
ENSG00000234161,PABPC5-AS1
ENSG00000201285,5S_rRNA
ENSG00000236413,RP13-24G8.2
ENSG00000068400,GRIPAP1
ENSG00000219507,FTH1P8
ENSG00000230275,SERBP1P4
ENSG00000222440,RNU2-26P
ENSG00000234702,VDAC1P3
ENSG00000233467,U40455.1
ENSG00000227541,RP3-525N14.2
ENSG00000229132,EIF4A1P10
ENSG00000176970,RPL7L1P11
ENSG00000237757,EEF1A1P30
ENSG00000237741,AC002368.4
ENSG00000223516,AFF2-IT1
ENSG00000222313,RN7SKP267
ENSG00000242186,AC002523.1
ENSG00000264702,AC231656.1
ENSG00000251797,RNU7-98P
ENSG00000238039,AF011889.2
ENSG00000176289,IDSP1
ENSG00000185960,SHOX
ENSG00000241769,LINC00893
ENSG00000205755,CRLF2
ENSG00000215089,KRT18P11
ENSG00000211526,AL121869.1
ENSG00000230543,SNX3P1X
ENSG00000225912,RP13-258O15.1
ENSG00000237873,RP11-156J23.1
ENSG00000234130,RP13-88F20.1
ENSG00000231568,RP11-552E4.4
ENSG00000234322,ST13P18
ENSG00000229662,RP11-552E4.5
ENSG00000232042,RP11-45J1.1
ENSG00000237381,RP3-455H14.1
ENSG00000272179,snoU13
ENSG00000181511,RP4-655L22.4
ENSG00000237828,PA2G4P1
ENSG00000228301,RPL7P55
ENSG00000271346,RP1-321E8.4
ENSG00000147099,HDAC8
ENSG00000270826,RP1-60G11.1
ENSG00000212495,RNU6-332P
ENSG00000202410,Y_RNA
ENSG00000270678,RP6-166C19.21
ENSG00000227521,RP13-213K19.1
ENSG00000270493,RP6-166C19.22
ENSG00000271154,RP6-166C19.23
ENSG00000232293,PAICSP7
ENSG00000271041,RP6-166C19.18
ENSG00000232813,RP11-344N17.2
ENSG00000231001,CCNB1IP1P3
ENSG00000270397,RP6-166C19.16
ENSG00000241207,RP11-344N17.3
ENSG00000271502,RP6-166C19.17
ENSG00000221665,AL591708.1
ENSG00000237345,RP11-344N17.11
ENSG00000271211,RP6-166C19.20
ENSG00000221187,MIR548M
ENSG00000270736,RP6-166C19.19
ENSG00000212098,AL390966.1
ENSG00000271094,RP3-380C13.2
ENSG00000204648,SSX9
ENSG00000270771,RP6-166C19.12
ENSG00000223467,CALM1P1
ENSG00000270646,RP6-166C19.15
ENSG00000234391,RP11-344N17.6
ENSG00000270456,RP6-166C19.14
ENSG00000270251,RP6-166C19.13
ENSG00000201567,RNA5SP510
ENSG00000233433,RP1-296G17.3
ENSG00000215085,RP11-471G13.2
ENSG00000234176,HSPA8P1
ENSG00000212032,AC007486.1
ENSG00000265456,MIR3672
ENSG00000213498,TPT1P13
ENSG00000221217,AL359851.1
ENSG00000260585,RP13-192B19.2
ENSG00000227302,SSXP9
ENSG00000237891,RP11-417D4.1
ENSG00000221317,AL513487.1
ENSG00000225261,RP5-937E21.8
ENSG00000230100,RP11-344N17.8
ENSG00000232496,RPL3P12
ENSG00000229322,RP5-937E21.1
ENSG00000270747,RP11-344N17.15
ENSG00000228833,RP5-1014O16.9
ENSG00000223377,RP5-1014O16.1
ENSG00000231694,RP5-1014O16.10
ENSG00000235254,TMEM185AP1
ENSG00000198223,CSF2RA
ENSG00000224732,MAGEA7P
ENSG00000225055,RP11-344N17.9
ENSG00000236185,HNRNPDLP3
ENSG00000226307,HNRNPDLP1
ENSG00000234448,RP11-344N17.13
ENSG00000229829,DUTP4
ENSG00000235425,RPS7P13
ENSG00000231603,RP11-344N17.12
ENSG00000270583,RP11-471G13.5
ENSG00000230899,MAGEA8-AS1
ENSG00000232842,RP5-961K14.1
ENSG00000224871,XX-FW81066F1.2
ENSG00000242998,RN7SL379P
ENSG00000203262,RP5-961K14.2
ENSG00000235703,LINC00894
ENSG00000229620,AF196972.2
ENSG00000232069,RPS29P28
ENSG00000231489,AF196972.10
ENSG00000271209,RP13-40J16.1
ENSG00000235350,AF196972.3
ENSG00000223260,RN7SKP194
ENSG00000229693,RP11-25C15.1
ENSG00000207426,Y_RNA
ENSG00000214628,RP11-392M9.2
ENSG00000265260,RN7SL74P
ENSG00000236256,DIAPH2-AS1
ENSG00000212321,U3
ENSG00000224236,MRRFP1
ENSG00000265082,AL356213.1
ENSG00000179101,RP11-349N19.2
ENSG00000229733,RP5-1189B24.1
ENSG00000226971,AF196972.4
ENSG00000233887,ERVWE2
ENSG00000183171,RP11-49C9.2
ENSG00000237752,RP13-75G22.1
ENSG00000252454,MIR2114
ENSG00000234889,RP13-130D24.1
ENSG00000234825,XRCC6P2
ENSG00000236243,RPL6P29
ENSG00000263713,AC109994.1
ENSG00000228728,RP11-316K19.3
ENSG00000271322,RP11-390F10.3
ENSG00000185291,IL3RA
ENSG00000253009,U3
ENSG00000213704,EEF1A1P15
ENSG00000230153,AF003626.1
ENSG00000224292,AF196972.9
ENSG00000222796,RNU6-383P
ENSG00000230508,RPL19P21
ENSG00000239017,snoU13
ENSG00000228343,RP11-1148L6.5
ENSG00000270916,RP4-741O10.1
ENSG00000220125,MRPL32P1
ENSG00000231725,VN1R110P
ENSG00000212595,5S_rRNA
ENSG00000265789,MIR4330
ENSG00000232828,AF196970.3
ENSG00000234696,GPR50-AS1
ENSG00000206723,RNU6-1056P
ENSG00000233585,AC115617.2
ENSG00000207367,RNU6-29P
ENSG00000184596,AF207550.1
ENSG00000223309,RNU6-722P
ENSG00000264065,RN7SL139P
ENSG00000206936,RNU4-52P
ENSG00000265033,RN7SL262P
ENSG00000237341,SYP-AS1
ENSG00000266813,AF196779.1
ENSG00000230216,HSPB1P2
ENSG00000169100,SLC25A6
ENSG00000068323,TFE3
ENSG00000226837,HMGB1P32
ENSG00000252430,AL109750.1
ENSG00000270308,RP3-377O6.2
ENSG00000215070,XRCC6P5
ENSG00000269993,AF003625.3
ENSG00000228717,AF013593.1
ENSG00000229946,RP11-368G3.1
ENSG00000252296,SNORA25
ENSG00000236988,RP11-402K9.1
ENSG00000270052,WI2-80269A6.1
ENSG00000214915,XX-FW80269A6.1
ENSG00000230592,RPSAP8
ENSG00000239429,RP11-45D17.1
ENSG00000169093,ASMTL
ENSG00000261295,RP11-524D16__A.3
ENSG00000223819,RP3-347M6.1
ENSG00000238116,RP3-347M6.2
ENSG00000229967,RP11-366F6.2
ENSG00000202231,SNORA9
ENSG00000239345,HNRNPA1P26
ENSG00000270012,LL0XNC01-7P3.1
ENSG00000213856,VDAC1P2
ENSG00000227391,SALL1P1
ENSG00000234390,USP27X-AS1
ENSG00000220132,AF238380.8
ENSG00000264120,AF274855.1
ENSG00000207621,MIR224
ENSG00000201341,RNU6-421P
ENSG00000228466,TUBB4AP1
ENSG00000232149,FERP1
ENSG00000264467,RN7SL29P
ENSG00000233680,HNRNPA1P27
ENSG00000230376,MEMO1P4
ENSG00000207753,MIR452
ENSG00000228965,RP11-1007I13.2
ENSG00000252178,RNU7-69P
ENSG00000242520,MAGEA5
ENSG00000226902,CHCHD2P1
ENSG00000179031,LL0XNC01-131B10.2
ENSG00000199705,Y_RNA
ENSG00000237331,XIAP-AS1
ENSG00000252627,RNU6-122P
ENSG00000182574,RP3-341D10.1
ENSG00000237025,RP1-315G1.1
ENSG00000232412,RP1-315G1.3
ENSG00000239058,snoU13
ENSG00000237426,ZIK1P1
ENSG00000207758,MIR532
ENSG00000207768,MIR188
ENSG00000265152,AF222686.1
ENSG00000207785,MIR500A
ENSG00000208015,MIR362
ENSG00000211538,MIR501
ENSG00000239057,MIR500B
ENSG00000207970,MIR660
ENSG00000272080,MIR502
ENSG00000181977,PYY3
ENSG00000202495,Y_RNA
ENSG00000252693,SNORA40
ENSG00000182162,P2RY8
ENSG00000234564,HSPA8P20
ENSG00000204466,DGKK
ENSG00000225839,TRMT2B-AS1
ENSG00000231643,GHc-210E9.2
ENSG00000197976,AKAP17A
ENSG00000232054,NPM1P34
ENSG00000226532,RP5-1052M9.1
ENSG00000229825,RP5-1052M9.4
ENSG00000236880,RP3-384D21.2
ENSG00000238626,snoU13
ENSG00000232599,RP1-161N10.1
ENSG00000263886,AL953885.1
ENSG00000213489,RP13-147D17.1
ENSG00000222518,AL645819.1
ENSG00000237208,RP11-13E5.2
ENSG00000230916,RP11-10B2.1
ENSG00000231501,MTND4LP1
ENSG00000196433,ASMT
ENSG00000264338,AL359973.1
ENSG00000232177,MTND4P24
ENSG00000226414,RP11-375A20.1
ENSG00000222203,Y_RNA
ENSG00000202024,RNU6-934P
ENSG00000270813,NANOGNBP3
ENSG00000183911,RPL21P132
ENSG00000187808,SOWAHD
ENSG00000198918,RPL39
ENSG00000221132,AL035422.1
ENSG00000234557,RP1-164F3.8
ENSG00000237682,RP3-514P16.1
ENSG00000204072,RP4-545K15.3
ENSG00000228275,ARMCX3-AS1
ENSG00000261101,RP4-545K15.5
ENSG00000207291,RNU6-30P
ENSG00000223753,GHc-602D8.2
ENSG00000266560,RP11-1007I13.4
ENSG00000212584,RNU6-587P
ENSG00000229090,RP1-232L22__A.1
ENSG00000147144,CCDC120
ENSG00000178146,RP1-232L22__B.1
ENSG00000169084,DHRSX
ENSG00000231937,RP11-329E24.6
ENSG00000235196,RP1-3E10.2
ENSG00000252810,RNU6-345P
ENSG00000252205,RNU6-764P
ENSG00000207957,MIR105-1
ENSG00000235976,RP1-197J16.1
ENSG00000211583,MIR767
ENSG00000207818,MIR105-2
ENSG00000223940,KRT8P8
ENSG00000226119,RP1-197J16.2
ENSG00000234454,RP1-14D6.2
ENSG00000214717,ZBED1
ENSG00000197463,CSAG3
ENSG00000263686,AL391375.1
ENSG00000230538,RP3-428A13.1
ENSG00000260683,CTD-2076M15.1
ENSG00000235274,RP1-107N3.1
ENSG00000002586,CD99
ENSG00000224548,RP1-107N3.2
ENSG00000231447,RP1-14D6.7
ENSG00000243279,PRAF2
ENSG00000236042,RP1-203C2.2
ENSG00000242599,CSAG4
ENSG00000235334,RP1-203C2.3
ENSG00000235239,RP1-203C2.4
ENSG00000184324,CSAG2
ENSG00000235735,RPL7AP72
ENSG00000234901,MTND6P13
ENSG00000251525,TCP11X3P
ENSG00000225689,RP1-30E17.2
ENSG00000226802,RP11-72I18.1
ENSG00000226170,U82671.12
ENSG00000264933,RN7SL190P
ENSG00000234200,U82671.8
ENSG00000218728,KRT18P44
ENSG00000229979,U82670.9
ENSG00000223995,RPL32P35
ENSG00000235675,AC151961.1
ENSG00000231600,AC151960.1
ENSG00000226613,GHc-1077H7.2
ENSG00000234592,RP11-41L14.1
ENSG00000237736,U82670.4
ENSG00000226339,RPS26P56
ENSG00000235219,CTC-233O10.1
ENSG00000231590,RP11-353J17.3
ENSG00000201518,RNA5SP513
ENSG00000240143,RP4-753P9.3
ENSG00000125351,UPF3B
ENSG00000266440,AL359542.1
ENSG00000235189,RP4-537K23.4
ENSG00000266108,AC152005.1
ENSG00000176318,FOXN3P1
ENSG00000224931,AC152010.1
ENSG00000225110,LL0XNC01-16G2.1
ENSG00000238040,SALL4P2
ENSG00000239037,snoU13
ENSG00000232249,LL0XNC01-37G1.2
ENSG00000214897,U82695.5
ENSG00000265170,RN7SL667P
ENSG00000196970,NXF4
ENSG00000259886,U82695.10
ENSG00000260081,RP11-66N11.8
ENSG00000217889,KRT18P48
ENSG00000196998,WDR45
ENSG00000213391,RP11-66N11.6
ENSG00000228616,RP11-66N11.7
ENSG00000124343,XG
ENSG00000102030,NAA10
ENSG00000202304,RNU6-1130P
ENSG00000225046,RP1-20I3.3
ENSG00000229702,RP1-274L7.1
ENSG00000221930,FAM45B
ENSG00000271677,RP1-274L7.3
ENSG00000265211,AL121865.1
ENSG00000238188,RP5-875H3.2
ENSG00000222303,RNU6-935P
ENSG00000226881,H3F3AP5
ENSG00000238190,HMGB1P15
ENSG00000228659,RP1-23K20.2
ENSG00000227493,RP11-104D21.1
ENSG00000241198,RN7SL191P
ENSG00000237793,RPL18AP16
ENSG00000230926,RP11-104D21.2
ENSG00000230317,RP11-104D21.3
ENSG00000056998,GYG2
ENSG00000237650,OR11Q1P
ENSG00000237926,RP13-346H10.2
ENSG00000271147,RP4-769N13.6
ENSG00000229151,RP11-348F1.3
ENSG00000185903,OR11N1P
ENSG00000226530,RP11-348F1.2
ENSG00000229082,OR5AW1P
ENSG00000234766,RP11-56H2.2
ENSG00000242610,OR5BH1P
ENSG00000244335,RN7SL687P
ENSG00000232725,U52111.14
ENSG00000216047,AL135784.1
ENSG00000234288,OR1AA1P
ENSG00000184844,CYCSP45
ENSG00000230973,RP1-154J13.2
ENSG00000251846,SNORD36
ENSG00000235802,HCFC1-AS1
ENSG00000265176,MIR3202-1
ENSG00000211524,MIR718
ENSG00000231830,XX-FW83128A1.2
ENSG00000270050,RP4-769N13.7
ENSG00000227211,RP5-1100E15.4
ENSG00000252294,RNU6-589P
ENSG00000230320,RP4-769N13.2
ENSG00000207165,SNORA70
ENSG00000224109,CENPVP3
ENSG00000197180,BX936347.1
ENSG00000264783,BX664739.1
ENSG00000227997,CENPVP2
ENSG00000223546,LINC00630
ENSG00000264484,RN7SL697P
ENSG00000223591,CENPVP1
ENSG00000264631,RN7SL742P
ENSG00000261773,WI2-89031B12.1
ENSG00000231342,ATF4P2
ENSG00000236576,RP11-22B10.3
ENSG00000232155,AF277315.19
ENSG00000213338,ATF4P1
ENSG00000252377,RNU6-504P
ENSG00000228827,RP11-234P3.2
ENSG00000224882,IKBKGP1
ENSG00000226141,AF277315.13
ENSG00000237619,OR3B1P
ENSG00000206948,SNORA36A
ENSG00000206693,SNORA56
ENSG00000229237,HMGN1P37
ENSG00000221533,MIR1184-1
ENSG00000224069,CTD-2183H9.7
ENSG00000237859,EEF1A1P31
ENSG00000102032,RENBP
ENSG00000006756,ARSD
ENSG00000232282,MTND1P32
ENSG00000232951,IPO7P1
ENSG00000237528,RP11-234P3.4
ENSG00000228450,RP1-154J13.3
ENSG00000232562,TPMTP3
ENSG00000229954,MTND2P2
ENSG00000237225,OR13K1P
ENSG00000221705,SNORA11E
ENSG00000221475,SNORA11D
ENSG00000225957,CTD-2267G17.2
ENSG00000237300,RP11-522L3.3
ENSG00000224556,RP11-485B17.3
ENSG00000250084,RP11-485B17.5
ENSG00000227319,RBM22P6
ENSG00000237628,RP11-522L3.4
ENSG00000232787,OR7L1P
ENSG00000235730,OR2AF1P
ENSG00000228316,RP11-522L3.5
ENSG00000224471,RP11-522L3.6
ENSG00000227183,HDGFP1
ENSG00000223395,RBM22P7
ENSG00000213468,RP11-453F18__B.1
ENSG00000226056,MTND4P32
ENSG00000235073,RBM22P10
ENSG00000225322,RP11-472D17.1
ENSG00000233742,RP11-472D17.2
ENSG00000157399,ARSE
ENSG00000241418,RP11-512H23.2
ENSG00000234886,MTND5P26
ENSG00000228089,RP1-197O17.2
ENSG00000235190,RP1-197O17.3
ENSG00000200587,RNA5SP514
ENSG00000233688,CTD-2183H9.3
ENSG00000265686,AL109749.1
ENSG00000228819,RP1-305B16.3
ENSG00000227649,RP11-522L3.9
ENSG00000235991,RP11-143H17.1
ENSG00000232160,RAP2C-AS1
ENSG00000229794,RP11-522L3.11
ENSG00000224978,RP13-228J13.9
ENSG00000227628,RP11-472D17.3
ENSG00000225008,RP13-228J13.6
ENSG00000231283,RP11-472D17.6
ENSG00000239407,LL0XNC01-237H1.2
ENSG00000231775,RP11-472D17.4
ENSG00000228986,RP13-228J13.8
ENSG00000206900,RNU6-98P
ENSG00000230491,RP13-228J13.10
ENSG00000232384,RP11-204I15.1
ENSG00000235849,HS6ST2-AS1
ENSG00000227064,RP3-363L9.1
ENSG00000227469,RBM22P8
ENSG00000205667,ARSH
ENSG00000229936,RBM22P9
ENSG00000234050,LL0XNC01-237H1.3
ENSG00000225949,RP3-358H7.1
ENSG00000231457,RBM22P11
ENSG00000227058,RP13-34L8.7
ENSG00000207100,SNORA8
ENSG00000224632,LL0XNC01-73E8.1
ENSG00000231593,RP13-34L8.8
ENSG00000221010,AL008708.1
ENSG00000202199,RNU1-115P
ENSG00000224216,RP13-228J13.1
ENSG00000265471,AL034400.1
ENSG00000230578,RP13-228J13.5
ENSG00000226241,LL0XNC01-221F2.2
ENSG00000206765,RNU6-203P
ENSG00000227008,RP3-417G15.1
ENSG00000221190,MIR1184-3
ENSG00000221603,MIR1184-2
ENSG00000211495,AL009174.1
ENSG00000062096,ARSF
ENSG00000224533,TMLHE-AS1
ENSG00000225393,RP11-218L14.4
ENSG00000237801,AMDP1
ENSG00000228459,CXorf28
ENSG00000237040,DPH3P2
ENSG00000228410,TCEB1P24
ENSG00000223484,TRPC6P
ENSG00000270726,AJ271736.10
ENSG00000101825,MXRA5
ENSG00000183943,PRKX
ENSG00000233260,RPSAP63
ENSG00000232068,AF003529.2
ENSG00000200572,Y_RNA
ENSG00000224908,TIMM8BP2
ENSG00000228771,RP11-552J9.1
ENSG00000207572,MIR363
ENSG00000208034,MIR92A2
ENSG00000185319,SSXP4
ENSG00000207812,MIR19B2
ENSG00000207710,MIR20B
ENSG00000239594,MIR18B
ENSG00000207602,MIR106A
ENSG00000232664,LARP1BP3
ENSG00000272244,Metazoa_SRP
ENSG00000214961,RP11-355K23B.1
ENSG00000251962,AL591668.1
ENSG00000226107,AC004383.3
ENSG00000205664,RP11-706O15.1
ENSG00000172534,HCFC1
ENSG00000197185,SSXP1
ENSG00000185203,WASIR1
ENSG00000146938,NLGN4X
ENSG00000067177,PHKA1
ENSG00000169059,VCX3A
ENSG00000130021,HDHD1
ENSG00000234792,RP11-552J9.6
ENSG00000157965,SSX8
ENSG00000101846,STS
ENSG00000228354,RP11-552J9.9
ENSG00000222608,RNA5SP504
ENSG00000225508,SSXP5
ENSG00000182583,VCX
ENSG00000237275,RP11-552J9.11
ENSG00000223958,RP11-552J9.12
ENSG00000006757,PNPLA4
ENSG00000216001,MIR450B
ENSG00000177504,VCX2
ENSG00000199132,MIR450A1
ENSG00000207755,MIR450A2
ENSG00000200662,Y_RNA
ENSG00000207784,MIR542
ENSG00000233071,RP4-635G19.1
ENSG00000223749,MIR503HG
ENSG00000224692,LL0XNC01-177E8.2
ENSG00000205642,VCX3B
ENSG00000225397,RP11-552J9.13
ENSG00000229826,RP11-552J9.14
ENSG00000238127,RP11-552J9.15
ENSG00000238049,LL0XNC01-105G4.3
ENSG00000236518,RP13-77O11.7
ENSG00000226867,RP13-77O11.8
ENSG00000234405,LL0XNC01-250H12.3
ENSG00000266568,AL049610.1
ENSG00000224031,TCEAL3-AS1
ENSG00000229885,RP13-77O11.12
ENSG00000180284,RP5-1055C14.6
ENSG00000231154,MORF4L2-AS1
ENSG00000250232,AF196779.12
ENSG00000011201,KAL1
ENSG00000221392,Z73964.1
ENSG00000222419,RNA5SP511
ENSG00000231787,RP11-370B6.1
ENSG00000234345,LL0XNC01-116E7.1
ENSG00000068394,GPKOW
ENSG00000231728,LL0XNC01-116E7.2
ENSG00000230312,LL0XNC01-116E7.4
ENSG00000260831,GHc-362H12.3
ENSG00000227067,DPPA3P1
ENSG00000233320,H2BFXP
ENSG00000235946,LL0XNC01-240C2.1
ENSG00000232665,PHBP10
ENSG00000223733,RPL18AP14
ENSG00000181819,KCTD9P2
ENSG00000183304,FAM9A
ENSG00000017621,MAGIX
ENSG00000206864,RNU6-207P
ENSG00000222161,Z97356.1
ENSG00000230788,RP11-560L11.1
ENSG00000208005,MIR503
ENSG00000227060,LINC00629
ENSG00000256709,AL139812.1
ENSG00000202407,Y_RNA
ENSG00000235813,RP11-308B5.2
ENSG00000224816,NAP1L4P2
ENSG00000236509,RPL21P133
ENSG00000177138,FAM9B
ENSG00000125352,RNF113A
ENSG00000237432,RPS7P12
ENSG00000199920,RNU4-44P
ENSG00000221299,Z83826.1
ENSG00000207081,RNU6-616P
ENSG00000236091,RP3-473B4.3
ENSG00000125356,NDUFA1
ENSG00000227657,RP13-483F6.1
ENSG00000231929,HMGB3P31
ENSG00000228372,RP11-85L21.4
ENSG00000263515,MIR548AN
ENSG00000231144,EEF1A1P40
ENSG00000234228,NCLP2
ENSG00000196972,LINC00087
ENSG00000213569,RP13-383K5.4
ENSG00000199832,Y_RNA
ENSG00000224107,LINC00633
ENSG00000204053,MYCLP1
ENSG00000256815,AL590325.2
ENSG00000186471,AKAP14
ENSG00000223809,RP11-85L21.6
ENSG00000215007,DNAJA1P3
ENSG00000256182,AL590325.1
ENSG00000214720,KRT18P49
ENSG00000184911,DMRTC1B
ENSG00000232582,RP11-85L21.5
ENSG00000207846,AL035088.1
ENSG00000227610,FRMPD3-AS1
ENSG00000101849,TBL1X
ENSG00000236064,RP6-191P20.4
ENSG00000207363,Y_RNA
ENSG00000236491,RP13-565O16.2
ENSG00000225728,RP6-191P20.3
ENSG00000196395,RP13-77O11.11
ENSG00000189372,RP6-149D17.1
ENSG00000228922,RP13-210D15.1
ENSG00000264894,AL590282.1
ENSG00000224781,EIF4A2P4
ENSG00000227792,RP13-210D15.6
ENSG00000207146,Y_RNA
ENSG00000261409,RP6-24A23.7
ENSG00000159123,DMRTC1
ENSG00000237863,RP6-24A23.3
ENSG00000238210,RP13-210D15.4
ENSG00000201443,RNU6-309P
ENSG00000177854,TMEM187
ENSG00000226958,CTD-2328D6.1
ENSG00000215000,RP1-31B8.1
ENSG00000229015,RP11-265D19.6
ENSG00000182484,WASH6P
ENSG00000178947,LINC00086
ENSG00000233874,RP1-136J15.5
ENSG00000201440,RNA5SP515
ENSG00000237319,RP1-136J15.1
ENSG00000252069,Y_RNA
ENSG00000225769,CROCCP1
ENSG00000225381,RPS5P7
ENSG00000271158,RP11-265D19.7
ENSG00000225235,DDX26B-AS1
ENSG00000208013,MIR652
ENSG00000265584,MIR3978
ENSG00000264284,AL391380.1
ENSG00000237833,RP11-432N13.2
ENSG00000208883,SNORD96B
ENSG00000224142,AMMECR1-IT1
ENSG00000225366,TDGF1P3
ENSG00000224539,RP11-432N13.3
ENSG00000228042,RP11-441A11.1
ENSG00000226112,FCF1P4
ENSG00000198022,RP11-432N13.4
ENSG00000234349,GLUD1P9
ENSG00000251954,RNU6-496P
ENSG00000223904,HMGB1P12
ENSG00000260802,LINC00890
ENSG00000184216,IRAK1
ENSG00000101850,GPR143
ENSG00000184388,PABPC1L2B
ENSG00000266829,RN7SL661P
ENSG00000229939,RP11-111F16.2
ENSG00000225031,EIF4BP7
ENSG00000186288,PABPC1L2A
ENSG00000236189,RPL18AP15
ENSG00000201420,RNA5SP512
ENSG00000229487,ALG13-AS1
ENSG00000204025,TRPC5OS
ENSG00000227159,DDX11L16
ENSG00000271421,RP1-269O5.3
ENSG00000265858,AL031176.1
ENSG00000271464,DPRXP7
ENSG00000233861,RP13-36C9.4
ENSG00000271400,RP13-266I11.1
ENSG00000200436,Y_RNA
ENSG00000146950,SHROOM2
ENSG00000238200,RP13-36C9.5
ENSG00000213652,HMGB3P30
ENSG00000101882,NKAP
ENSG00000230162,RP11-97N5.2
ENSG00000263351,MIR4329
ENSG00000243011,RN7SL266P
ENSG00000219930,GAPDHP67
ENSG00000232025,RP1-218B13.1
ENSG00000252930,RNU6-1015P
ENSG00000238811,snoU13
ENSG00000102007,PLP2
ENSG00000231513,RP11-274K13.5
ENSG00000239080,snoU13
ENSG00000230079,RP11-535K18.2
ENSG00000234469,AC002365.1
ENSG00000266272,Z97632.1
ENSG00000216060,MIR934
ENSG00000199424,Y_RNA
ENSG00000252320,RNU6-320P
ENSG00000233093,LINC00892
ENSG00000047644,WWC3
ENSG00000012211,PRICKLE3
ENSG00000212510,RNU6-972P
ENSG00000271339,RP11-1114A5.6
ENSG00000231164,RPL7P56
ENSG00000225125,RANP4
ENSG00000202279,Y_RNA
ENSG00000232611,RP11-1114A5.4
ENSG00000225400,RP11-1114A5.5
ENSG00000206979,SNORD61
ENSG00000234062,RP11-308D16.4
ENSG00000235329,RP5-1168A5.1
ENSG00000220541,RP5-1170D6.1
ENSG00000241743,RP5-964N17.1
ENSG00000270524,QTRT1P1
ENSG00000201674,U3
ENSG00000232379,RP11-308D16.1
ENSG00000207220,RNU1-57P
ENSG00000240327,RN7SL93P
ENSG00000212611,SNORD30
ENSG00000230502,CTD-2230M5.1
ENSG00000271686,CTD-2230M5.3
ENSG00000241150,RP11-308D16.2
ENSG00000226547,SSU72P1
ENSG00000224664,RPL36AP53
ENSG00000208839,SNORA35
ENSG00000263653,AC007025.1
ENSG00000212100,MIR764
ENSG00000222321,MIR1912
ENSG00000221710,MIR1298
ENSG00000222715,MIR1911
ENSG00000073464,CLCN4
ENSG00000270497,RP1-290F12.3
ENSG00000234019,RP11-236P24.3
ENSG00000232593,LINC01155
ENSG00000235224,RP11-236P24.1
ENSG00000251707,RNU7-37P
ENSG00000231340,ACTG1P10
ENSG00000266700,AL139396.1
ENSG00000227329,RP11-258C19.4
ENSG00000270189,RP11-258C19.7
ENSG00000235262,KDM5C-IT1
ENSG00000226299,RP6-29D12.4
ENSG00000207408,Y_RNA
ENSG00000236571,RP6-29D12.3
ENSG00000234413,RP6-29D12.2
ENSG00000233250,RP3-339A18.6
ENSG00000235416,RP3-339A18.3
ENSG00000199422,VTRNA3-1P
ENSG00000263522,Z97054.1
ENSG00000271886,MIR98
ENSG00000208012,MIRLET7F2
ENSG00000237307,SRRM1P3
ENSG00000224735,RP11-272G22.1
ENSG00000226110,RP11-272G22.2
ENSG00000102003,SYP
ENSG00000229037,RP11-272G22.3
ENSG00000204118,NAP1L6
ENSG00000235916,RP13-444K19.1
ENSG00000201618,RNA5SP505
ENSG00000252175,U3
ENSG00000224949,RP11-161N3.3
ENSG00000234566,RPL7AP71
ENSG00000186462,NAP1L2
ENSG00000207104,RNU6-434P
ENSG00000215197,PGAM4P1
ENSG00000221716,SNORA11
ENSG00000131264,CDX4
ENSG00000221750,SNORA11
ENSG00000234466,RP11-266I3.1
ENSG00000186678,RP11-266I3.7
ENSG00000229760,RP11-266I3.5
ENSG00000231947,MTND2P24
ENSG00000101871,MID1
ENSG00000238047,MTND1P30
ENSG00000204116,CHIC1
ENSG00000203989,RHOXF2B
ENSG00000251617,RP11-382F24.1
ENSG00000224773,HSPA8P7
ENSG00000263845,AL390879.1
ENSG00000214748,RP11-332E4.1
ENSG00000237584,RAC1P4
ENSG00000101883,RHOXF1
ENSG00000199001,MIR448
ENSG00000270413,RP11-810O3.2
ENSG00000224765,RP1-137H15.2
ENSG00000131721,RHOXF2
ENSG00000187969,ZCCHC13
ENSG00000222122,RNU6-648P
ENSG00000238223,RP6-204F4.2
ENSG00000239579,RN7SL325P
ENSG00000229562,ZFYVE9P1
ENSG00000236080,YAP1P2
ENSG00000222114,RNU6-985P
ENSG00000252163,RN7SKP31
ENSG00000147100,SLC16A2
ENSG00000177485,ZBTB33
ENSG00000183981,MAGEA13P
ENSG00000271907,SNORA35
ENSG00000212241,Y_RNA
ENSG00000235656,RPL36P18
ENSG00000237332,RP5-878I13.1
ENSG00000004961,HCCS
ENSG00000131263,RLIM
ENSG00000125355,TMEM255A
ENSG00000271021,RP5-878I13.2
ENSG00000271826,RP1-93I3.1
ENSG00000252441,SNORA64
ENSG00000270431,RP1-241P17.7
ENSG00000227881,ASS1P5
ENSG00000169057,MECP2
ENSG00000234785,EEF1GP5
ENSG00000264759,AC005000.2
ENSG00000255927,AC005000.1
ENSG00000050030,KIAA2022
ENSG00000229335,RP1-241P17.1
ENSG00000232765,RP11-382F24.2
ENSG00000266328,hsa-mir-4536-2
ENSG00000200635,Y_RNA
ENSG00000235244,RP11-761E20.1
ENSG00000235136,RP13-146A14.1
ENSG00000229594,RP11-167P23.4
ENSG00000266828,RN7SL712P
ENSG00000231371,AKR1B1P8
ENSG00000169164,RP11-167P23.2
ENSG00000047648,ARHGAP6
ENSG00000234558,API5P1
ENSG00000252961,SNORD112
ENSG00000227486,RP13-188A5.1
ENSG00000207033,RNU6-154P
ENSG00000236077,RP11-232D9.2
ENSG00000214745,RP11-54I5.1
ENSG00000234135,RPL23AP83
ENSG00000237860,RP11-232D9.4
ENSG00000230105,RP11-431N15.2
ENSG00000204272,RP11-622K12.1
ENSG00000230159,RP11-232D9.3
ENSG00000237748,UQCRBP1
ENSG00000214930,KRT8P6
ENSG00000224217,RP11-232D9.1
ENSG00000224799,RP11-445O16.3
ENSG00000237708,RP11-445O16.2
ENSG00000226310,RP3-323P24.3
ENSG00000232183,RP6-27P15.2
ENSG00000206752,RNU6-1323P
ENSG00000213526,SETP8
ENSG00000231765,PPP1R11P2
ENSG00000131269,ABCB7
ENSG00000207800,MIR504
ENSG00000231831,MTHFD1P1
ENSG00000226031,FGF13-AS1
ENSG00000238066,RP3-378P9.1
ENSG00000224314,RP3-378P9.2
ENSG00000102001,CACNA1F
ENSG00000215174,RP13-487C10.1
ENSG00000227427,RP1-49C23.1
ENSG00000228004,MYCLP2
ENSG00000235975,RP1-106C24.1
ENSG00000173954,SNURFL
ENSG00000232549,SRD5A1P1
ENSG00000216114,AL033403.1
ENSG00000238485,snoU13
ENSG00000221375,RNU6ATAC23P
ENSG00000252719,SNORA18
ENSG00000207633,MIR505
ENSG00000233145,RP11-364B14.1
ENSG00000235124,KRT8P17
ENSG00000214653,HNRNPA3P3
ENSG00000236852,RP11-3D23.1
ENSG00000241248,RN7SL727P
ENSG00000230707,RP11-364B14.3
ENSG00000231110,AC004070.1
ENSG00000125363,AMELX
ENSG00000224942,RP11-51C14.1
ENSG00000263377,AL121875.1
ENSG00000225758,RPS17P17
ENSG00000230668,XXyac-YR29IB3.1
ENSG00000221081,MIR320D2
ENSG00000229269,RP11-298A8.2
ENSG00000207041,RNU6-3P
ENSG00000214925,RP3-507I15.1
ENSG00000200291,Y_RNA
ENSG00000239500,RP1-169K13.3
ENSG00000237458,TUBB4BP3
ENSG00000235170,MTND1P31
ENSG00000228182,MTND2P25
ENSG00000234570,ZFRP1
ENSG00000005302,MSL3
ENSG00000230823,CBX1P1
ENSG00000234524,RPL12P43
ENSG00000270619,RP11-197B12.1
ENSG00000264567,AL391803.1
ENSG00000235437,RP11-357C3.3
ENSG00000261212,RP3-507I15.2
ENSG00000213423,RBMX2P2
ENSG00000227779,GS1-164F24.1
ENSG00000226574,SPANXA2-OT1
ENSG00000223438,RP1-171K16.5
ENSG00000236205,RP3-406C18.1
ENSG00000225469,RP3-406C18.2
ENSG00000250625,RP1-142F18.2
ENSG00000201000,RNA5SP516
ENSG00000266319,AL080272.1
ENSG00000239188,snoU13
ENSG00000233661,SPIN4-AS1
ENSG00000102076,OPN1LW
ENSG00000231729,ARHGEF9-IT1
ENSG00000236813,BTF3P8
ENSG00000222532,MIR1468
ENSG00000232794,HNRNPDP1
ENSG00000169933,FRMPD4
ENSG00000202473,RN7SKP81
ENSG00000101911,PRPS2
ENSG00000199878,RN7SKP149
ENSG00000227303,GS1-256O22.5
ENSG00000226064,PGBD4P6
ENSG00000235539,MTND1P33
ENSG00000102080,TEX28P2
ENSG00000230130,RP5-1189K21.2
ENSG00000221505,AL030997.1
ENSG00000227675,GS1-256O22.1
ENSG00000213924,HNRNPH1P2
ENSG00000225970,RP3-526F5.2
ENSG00000235729,RP11-29O6.2
ENSG00000224630,RP1-169P22.2
ENSG00000235598,RRM2P4
ENSG00000215054,HNRNPCP10
ENSG00000201912,RN7SKP189
ENSG00000147380,OPN1MW
ENSG00000233548,CYCSP44
ENSG00000234712,RP11-143G3.1
ENSG00000231093,RP13-150K15.1
ENSG00000196664,TLR7
ENSG00000270709,GS1-115M3.4
ENSG00000216032,AL445258.1
ENSG00000252219,hsa-mir-892c
ENSG00000216075,MIR890
ENSG00000216005,MIR888
ENSG00000215943,MIR892A
ENSG00000182242,TEX28P1
ENSG00000216098,MIR892B
ENSG00000216064,MIR891B
ENSG00000216056,MIR891A
ENSG00000201594,RNA5SP517
ENSG00000234748,RP11-183K14.1
ENSG00000166160,OPN1MW2
ENSG00000101916,TLR8
ENSG00000205542,TMSB4X
ENSG00000226010,RP11-403E24.1
ENSG00000244006,RN7SL799P
ENSG00000213754,RP11-284B18.3
ENSG00000101997,CCDC22
ENSG00000230889,SHC1P1
ENSG00000227261,YWHAZP7
ENSG00000226502,KRT8P27
ENSG00000225814,GRPEL2P2
ENSG00000236982,RP13-100A9.2
ENSG00000237971,RP11-231N9.1
ENSG00000222596,AL445523.1
ENSG00000225569,CCT4P2
ENSG00000231857,MORF4L1P5
ENSG00000187268,FAM9C
ENSG00000237963,RP11-151G12.2
ENSG00000228158,TLE1P1
ENSG00000227534,RP3-323B6.1
ENSG00000227942,FRMD8P1
ENSG00000231809,NANOGP9
ENSG00000185254,TEX28
ENSG00000233833,ETF1P3
ENSG00000123594,ATXN3L
ENSG00000230039,RP11-314A15.2
ENSG00000217835,RP6-159A1.2
ENSG00000237311,RP6-159A1.3
ENSG00000207939,MIR223
ENSG00000215168,RP11-30M20.1
ENSG00000237294,EIF4BP9
ENSG00000231356,RP13-238N7.2
ENSG00000226820,RP11-747I9.1
ENSG00000235892,PKMP2
ENSG00000198759,EGFL6
ENSG00000007350,TKTL1
ENSG00000176896,TCEANC
ENSG00000123595,RAB9A
ENSG00000222667,RNU6-394P
ENSG00000226280,RP6-22P16.1
ENSG00000233710,RP4-808O4.2
ENSG00000196459,TRAPPC2
ENSG00000234201,RP11-383C12.2
ENSG00000260118,RP6-201G10.2
ENSG00000228328,RP11-516A11.1
ENSG00000252145,RNU6-1225P
ENSG00000228125,RP11-516A11.3
ENSG00000206646,Y_RNA
ENSG00000225925,RP13-313G19.2
ENSG00000206747,RNU6-245P
ENSG00000236735,RPL31P63
ENSG00000234463,COX6CP12
ENSG00000232267,ACTR3P2
ENSG00000213740,SERBP1P1
ENSG00000172186,HMGN1P35
ENSG00000215162,LINC00269
ENSG00000231706,CYCSP43
ENSG00000046651,OFD1
ENSG00000264604,AL158069.1
ENSG00000228160,RP13-57D9.3
ENSG00000272351,5S_rRNA
ENSG00000212434,U3
ENSG00000233229,CNOT7P1
ENSG00000211991,MIR676
ENSG00000226579,RP11-351K23.3
ENSG00000094841,UPRT
ENSG00000235382,MTND4P31
ENSG00000049768,FOXP3
ENSG00000049769,PPP1R3F
ENSG00000046653,GPM6B
ENSG00000220925,IGBP1-AS2
ENSG00000203588,IGBP1-AS1
ENSG00000242657,RN7SL581P
ENSG00000200473,RNA5SP507
ENSG00000231053,RP13-26D14.2
ENSG00000201377,RNY4P23
ENSG00000200431,RNU4-81P
ENSG00000231651,DLG3-AS1
ENSG00000230187,RP11-291O7.1
ENSG00000199769,U3
ENSG00000213747,RP13-278H16.2
ENSG00000230629,RPS23P8
ENSG00000229324,RP5-1091N2.3
ENSG00000212605,RNU1-56P
ENSG00000227536,SOCS5P4
ENSG00000101892,ATP1B4
ENSG00000046647,GEMIN8
ENSG00000101958,GLRA2
ENSG00000215274,GAGE10
ENSG00000224659,GAGE12J
ENSG00000237597,GAGE13
ENSG00000205775,GAGE2E
ENSG00000240257,GAGE2D
ENSG00000265502,RN7SL746P
ENSG00000241465,GAGE12I
ENSG00000196924,FLNA
ENSG00000265597,AL590764.1
ENSG00000228427,RP5-1091N2.9
ENSG00000255591,AL590762.1
ENSG00000224208,AL590762.6
ENSG00000236249,GAGE2C
ENSG00000213706,AL590762.7
ENSG00000231850,GAGE2B
ENSG00000229601,AL590762.10
ENSG00000236737,GAGE12B
ENSG00000213018,AL590762.11
ENSG00000237671,GAGE12C
ENSG00000252525,snoU13
ENSG00000102383,ZDHHC15
ENSG00000199751,Y_RNA
ENSG00000243468,INGX
ENSG00000215120,AL590763.5
ENSG00000264855,AL590763.1
ENSG00000181544,FANCB
ENSG00000227488,GAGE12D
ENSG00000216649,GAGE12E
ENSG00000005893,LAMP2
ENSG00000130150,MOSPD2
ENSG00000236362,GAGE12F
ENSG00000215269,GAGE12G
ENSG00000224902,GAGE12H
ENSG00000189064,GAGE2A
ENSG00000205777,GAGE1
ENSG00000068985,PAGE1
ENSG00000237265,RP11-402P6.9
ENSG00000230934,RP11-402P6.2
ENSG00000215115,CXorf49
ENSG00000102048,ASB9
ENSG00000226870,BX276092.2
ENSG00000238106,RP11-402P6.7
ENSG00000237182,RP11-402P6.3
ENSG00000237717,RP11-402P6.4
ENSG00000221684,BX276092.1
ENSG00000231774,RP11-402P6.11
ENSG00000234442,BX276092.3
ENSG00000215113,CXorf49B
ENSG00000224617,RP11-402P6.5
ENSG00000229030,RP11-402P6.6
ENSG00000201392,RNU6-1078P
ENSG00000196933,RPS26P11
ENSG00000248345,RP11-262D11.1
ENSG00000215933,BX119917.1
ENSG00000165192,ASB11
ENSG00000225471,RP11-262D11.2
ENSG00000239577,RN7SL388P
ENSG00000264396,RN7SL264P
ENSG00000238926,Y_RNA
ENSG00000101951,PAGE4
ENSG00000222810,RNU2-68P
ENSG00000225858,RP1-172N19.3
ENSG00000231944,PHKA1-AS1
ENSG00000202482,U3
ENSG00000242013,USP27X
ENSG00000213698,RP1-172N19.4
ENSG00000201271,RNU1-112P
ENSG00000269911,FAM226B
ENSG00000229583,RP1-172N19.1
ENSG00000165195,PIGA
ENSG00000171365,CLCN5
ENSG00000225396,RP11-69A21.2
ENSG00000186675,MAGEE2
ENSG00000102390,PBDC1
ENSG00000204119,LINC00684
ENSG00000198934,MAGEE1
ENSG00000196468,FGF16
ENSG00000165197,FIGF
ENSG00000226725,RP11-493K23.1
ENSG00000085224,ATRX
ENSG00000231963,RP11-493K23.4
ENSG00000230311,AC004074.3
ENSG00000237014,AC004074.4
ENSG00000087842,PIR
ENSG00000225664,YWHAZP8
ENSG00000207486,RNU6-1044P
ENSG00000233162,MORF4L1P6
ENSG00000269904,MAP2K4P1
ENSG00000237475,RPL7P53
ENSG00000230146,SEPHS1P4
ENSG00000270641,TSIX
ENSG00000229807,XIST
ENSG00000158290,CUL4B
ENSG00000102010,BMX
ENSG00000147081,AKAP4
ENSG00000130234,ACE2
ENSG00000182707,FXYD6P3
ENSG00000225470,JPX
ENSG00000228906,RP13-216E22.4
ENSG00000147082,CCNB3
ENSG00000147003,TMEM27
ENSG00000271199,RP13-216E22.5
ENSG00000230590,FTX
ENSG00000169239,CA5B
ENSG00000169249,ZRSR2
ENSG00000232119,MCTS1
ENSG00000270223,RP13-36G14.4
ENSG00000233984,RPSAP14
ENSG00000182287,AP1S2
ENSG00000203397,RP13-36G14.3
ENSG00000234969,RP13-33H18.1
ENSG00000223650,UHRF2P1
ENSG00000232928,DDX3YP1
ENSG00000126010,GRPR
ENSG00000182798,MAGEB17
ENSG00000158352,SHROOM4
ENSG00000047230,CTPS2
ENSG00000171155,C1GALT1C1
ENSG00000236446,CT47B1
ENSG00000226685,CT47A12
ENSG00000226929,CT47A11
ENSG00000230986,DDX3YP2
ENSG00000224430,MKRN5P
ENSG00000169906,S100G
ENSG00000231549,USMG5P1
ENSG00000204113,BMP2KL
ENSG00000169895,SYAP1
ENSG00000271430,RP3-368A4.5
ENSG00000228492,RAB11FIP1P1
ENSG00000224089,CT47A10
ENSG00000271533,RP3-368A4.6
ENSG00000202566,MIR421
ENSG00000212027,MIR374B
ENSG00000265727,RN7SL648P
ENSG00000207820,MIR545
ENSG00000199168,MIR374A
ENSG00000226515,AC004386.3
ENSG00000213269,AC004386.4
ENSG00000239745,RN7SL790P
ENSG00000230665,PRKRIRP1
ENSG00000213695,RPS7P14
ENSG00000102158,MAGT1
ENSG00000264531,RN7SL641P
ENSG00000231206,HNRNPA1P25
ENSG00000086712,TXLNG
ENSG00000226600,CT47A9
ENSG00000230673,PABPC1P3
ENSG00000199885,RNU6-330P
ENSG00000271589,RP11-130N24.2
ENSG00000229661,RP11-145B3.2
ENSG00000199601,RNU6-562P
ENSG00000232186,RP11-311P8.2
ENSG00000233254,RPL21P134
ENSG00000230347,CT47A8
ENSG00000237089,PCNPP4
ENSG00000224775,BRAFP1
ENSG00000228517,CT47A7
ENSG00000215105,TTC3P1
ENSG00000233063,SAR1AP4
ENSG00000226753,RP11-212D3.2
ENSG00000237957,CT47A5
ENSG00000255752,AL451105.1
ENSG00000102054,RBBP7
ENSG00000226854,RP11-212D3.4
ENSG00000232332,RP3-481A17.1
ENSG00000237252,RP11-322A17.1
ENSG00000226023,CT47A6
ENSG00000230594,CT47A4
ENSG00000201826,RNU6-867P
ENSG00000213684,LDHBP2
ENSG00000223259,RNA5SP508
ENSG00000235447,RP1-279N11.1
ENSG00000207995,MIR325
ENSG00000201447,RNA5SP509
ENSG00000234404,BX682235.1
ENSG00000236126,CT47A3
ENSG00000130385,BMP15
ENSG00000237106,FABP5P15
ENSG00000200906,RNU6-854P
ENSG00000263410,RN7SL460P
ENSG00000122824,NUDT10
ENSG00000248503,RP5-1000K24.2
ENSG00000169891,REPS2
ENSG00000223592,FNDC3CP
ENSG00000187690,CXorf67
ENSG00000224755,HMGN1P34
ENSG00000235061,UBE2V1P7
ENSG00000196368,NUDT11
ENSG00000271433,PPATP2
ENSG00000227645,RPL7P54
ENSG00000232168,RP11-180D15.1
ENSG00000271005,RP11-159L8.2
ENSG00000225025,KIF4CP
ENSG00000189369,GSPT2
ENSG00000188158,NHS
ENSG00000179222,MAGED1
ENSG00000131174,COX7B
ENSG00000047634,SCML1
ENSG00000236371,CT47A1
ENSG00000242362,CT47A2
ENSG00000165240,ATP7A
ENSG00000270268,RP1-164L12.1
ENSG00000215104,CHMP1B2P
ENSG00000131831,RAI2
ENSG00000177324,BEND2
ENSG00000230247,HNRNPH3P1
ENSG00000228051,RP11-325E14.2
ENSG00000228612,HK2P1
ENSG00000225715,RP11-325E14.5
ENSG00000102098,SCML2
ENSG00000239008,ACA64
ENSG00000212623,RNU6-493P
ENSG00000073905,VDAC1P1
ENSG00000212546,RNU6-995P
ENSG00000264374,AL357115.1
ENSG00000231875,RP11-346E8.1
ENSG00000224523,RP13-52K8.1
ENSG00000182890,GLUD2
ENSG00000233446,XXyac-YR12DB5.1
ENSG00000206826,RNU6-974P
ENSG00000228041,RP4-581F12.1
ENSG00000008086,CDKL5
ENSG00000213653,RPL22P22
ENSG00000102119,EMD
ENSG00000125675,GRIA3
ENSG00000202183,SNORA4
ENSG00000236365,RP5-849L7.1
ENSG00000232735,ATG4AP1
ENSG00000272066,RP3-326L13.2
ENSG00000272294,RP3-326L13.3
ENSG00000236870,RP1-223D17.1
ENSG00000215102,TERF1P4
ENSG00000226784,PGAM4
ENSG00000102104,RS1
ENSG00000102144,PGK1
ENSG00000086717,PPEF1
ENSG00000147403,RPL10
ENSG00000044446,PHKA2
ENSG00000182776,RP11-114H20.1
ENSG00000013563,DNASE1L1
ENSG00000187243,MAGED4B
ENSG00000125676,THOC2
ENSG00000173698,GPR64
ENSG00000102125,TAZ
ENSG00000154545,MAGED4
ENSG00000131828,PDHA1
ENSG00000187325,TAF9B
ENSG00000101966,XIAP
ENSG00000180815,MAP3K15
ENSG00000173198,CYSLTR1
ENSG00000179028,RP11-363G10.2
ENSG00000155622,XAGE2B
ENSG00000179300,ZCCHC5
ENSG00000147010,SH3KBP1
ENSG00000204382,XAGE1B
ENSG00000147145,LPAR4
ENSG00000078589,P2RY10
ENSG00000147138,GPR174
ENSG00000078596,ITM2A
ENSG00000173681,CXorf23
ENSG00000204379,XAGE1A
ENSG00000185751,XAGE2
ENSG00000184368,MAP7D2
ENSG00000101972,STAG2
ENSG00000183461,XAGE1C
ENSG00000173674,EIF1AX
ENSG00000177189,RPS6KA3
ENSG00000071553,ATP6AP1
ENSG00000149970,CNKSR2
ENSG00000185915,KLHL34
ENSG00000204376,XAGE1D
ENSG00000091482,SMPX
ENSG00000012174,MBTPS2
ENSG00000230797,YY2
ENSG00000102172,SMS
ENSG00000204375,XAGE1E
ENSG00000203879,GDI1
ENSG00000122145,TBX22
ENSG00000102174,PHEX
ENSG00000175809,ZNF645
ENSG00000184735,DDX53
ENSG00000165186,PTCHD1
ENSG00000123131,PRDX4
ENSG00000187754,SSX7
ENSG00000241476,SSX2
ENSG00000123130,ACOT9
ENSG00000071859,FAM50A
ENSG00000174016,FAM46D
ENSG00000130066,SAT1
ENSG00000165288,BRWD3
ENSG00000157950,SSX2B
ENSG00000184831,APOO
ENSG00000165182,CXorf58
ENSG00000174010,KLHL15
ENSG00000130741,EIF2S3
ENSG00000204363,SPANXN5
ENSG00000171405,XAGE5
ENSG00000005889,ZFX
ENSG00000171402,XAGE3
ENSG00000130827,PLXNA3
ENSG00000179304,FAM156B
ENSG00000067992,PDK3
ENSG00000102230,PCYT1B
ENSG00000101868,POLA1
ENSG00000196976,LAGE3
ENSG00000004848,ARX
ENSG00000176774,MAGEB18
ENSG00000176746,MAGEB6
ENSG00000188408,MAGEB5
ENSG00000189186,DCAF8L2
ENSG00000177689,MAGEB10
ENSG00000226372,DCAF8L1
ENSG00000169306,IL1RAPL1
ENSG00000183918,SH2D1A
ENSG00000099399,MAGEB2
ENSG00000198798,MAGEB3
ENSG00000120289,MAGEB4
ENSG00000214107,MAGEB1
ENSG00000182646,FAM156A
ENSG00000169297,NR0B1
ENSG00000120280,CXorf21
ENSG00000198814,GK
ENSG00000157625,TAB3
ENSG00000009694,TENM1
ENSG00000132446,FTHL17
ENSG00000184194,GPR173
ENSG00000184205,TSPYL2
ENSG00000198157,HMGN5
ENSG00000198354,DCAF12L2
ENSG00000198889,DCAF12L1
ENSG00000183631,CXorf64
ENSG00000123165,ACTRT1
ENSG00000198947,DMD
ENSG00000102038,SMARCA1
ENSG00000102178,UBL4A
ENSG00000126903,SLC10A3
ENSG00000071889,FAM3A
ENSG00000131171,SH3BGRL
ENSG00000185448,FAM47A
ENSG00000147027,TMEM47
ENSG00000189132,FAM47B
ENSG00000196767,POU3F4
ENSG00000189023,MAGEB16
ENSG00000183035,CYLC1
ENSG00000122126,OCRL
ENSG00000165164,CXorf22
ENSG00000072133,RPS6KA6
ENSG00000176034,CHDC2
ENSG00000205081,CXorf30
ENSG00000198173,FAM47C
ENSG00000130962,PRRG1
ENSG00000250349,TM4SF2
ENSG00000147036,LANCL3
ENSG00000047597,XK
ENSG00000165168,CYBB
ENSG00000165169,DYNLT3
ENSG00000126012,KDM5C
ENSG00000187516,CXorf27
ENSG00000147041,SYTL5
ENSG00000101955,SRPX
ENSG00000160211,G6PD
ENSG00000156313,RPGR
ENSG00000165259,HDX
ENSG00000171388,APLN
ENSG00000122121,XPNPEP2
ENSG00000122122,SASH3
ENSG00000036473,OTC
ENSG00000155008,APOOL
ENSG00000156298,TSPAN7
ENSG00000124313,IQSEC2
ENSG00000165175,MID1IP1
ENSG00000184788,SATL1
ENSG00000188706,ZDHHC9
ENSG00000183337,BCOR
ENSG00000147180,ZNF711
ENSG00000182220,ATP6AP2
ENSG00000072501,SMC1A
ENSG00000185753,CXorf38
ENSG00000124429,POF1B
ENSG00000180182,MED14
ENSG00000156697,UTP14A
ENSG00000124486,USP9X
ENSG00000073009,IKBKG
ENSG00000188419,CHM
ENSG00000215301,DDX3X
ENSG00000126733,DACH2
ENSG00000158423,RIBC1
ENSG00000188937,NYX
ENSG00000085185,BCORL1
ENSG00000183678,CTAG1A
ENSG00000184033,CTAG1B
ENSG00000126890,CTAG2
ENSG00000160219,GAB3
ENSG00000147044,CASK
ENSG00000072506,HSD17B10
ENSG00000102271,KLHL4
ENSG00000102034,ELF4
ENSG00000130826,DKC1
ENSG00000171659,GPR34
ENSG00000171657,GPR82
ENSG00000147183,CPXCR1
ENSG00000189221,MAOA
ENSG00000153779,TGIF2LX
ENSG00000130830,MPP1
ENSG00000156709,AIFM1
ENSG00000069535,MAOB
ENSG00000124479,NDP
ENSG00000183690,EFHC2
ENSG00000069509,FUNDC1
ENSG00000189037,DUSP21
ENSG00000174740,PABPC5
ENSG00000102290,PCDH11X
ENSG00000147050,KDM6A
ENSG00000086758,HUWE1
ENSG00000186310,NAP1L3
ENSG00000179083,FAM133A
ENSG00000147113,CXorf36
ENSG00000147202,DIAPH2
ENSG00000147121,KRBOX4
ENSG00000251192,ZNF674
ENSG00000147119,CHST7
ENSG00000065923,SLC9A7
ENSG00000102218,RP2
ENSG00000204904,CXorf31
ENSG00000102221,JADE3
ENSG00000130988,RGN
ENSG00000147123,NDUFB11
ENSG00000182872,RBM10
ENSG00000203870,SMIM9
ENSG00000185010,F8
ENSG00000204086,RPA4
ENSG00000165194,PCDH19
ENSG00000130985,UBA1
ENSG00000198082,H2AFB1
ENSG00000197932,F8A1
ENSG00000165775,FUNDC2
ENSG00000134594,RAB33A
ENSG00000056277,ZNF280C
ENSG00000214827,MTCP1
ENSG00000000005,TNMD
ENSG00000000003,TSPAN6
ENSG00000102225,CDK16
ENSG00000102078,SLC25A14
ENSG00000182712,CMC4
ENSG00000185515,BRCC3
ENSG00000102226,USP11
ENSG00000147117,ZNF157
ENSG00000147124,ZNF41
ENSG00000196741,CXorf24
ENSG00000155959,VBP1
ENSG00000078061,ARAF
ENSG00000008056,SYN1
ENSG00000155961,RAB39B
ENSG00000155962,CLIC2
ENSG00000102265,TIMP1
ENSG00000198307,H2AFB2
ENSG00000198444,F8A2
ENSG00000185990,F8A3
ENSG00000185978,H2AFB3
ENSG00000126759,CFP
ENSG00000185973,TMLHE
ENSG00000126767,ELK1
ENSG00000102359,SRPX2
ENSG00000126756,UXT
ENSG00000197779,ZNF81
ENSG00000147118,ZNF182
ENSG00000102362,SYTL4
ENSG00000221994,ZNF630
ENSG00000172943,PHF8
ENSG00000171489,SPACA5
ENSG00000171478,SPACA5B
ENSG00000147262,GPR119
ENSG00000165583,SSX5
ENSG00000134597,RBMX2
ENSG00000126752,SSX1
ENSG00000165584,SSX3
ENSG00000204645,SSX4
ENSG00000101811,CSTF2
ENSG00000198946,SSX4B
ENSG00000168939,SPRY3
ENSG00000124333,VAMP7
ENSG00000017483,SLC38A5
ENSG00000068438,FTSJ1
ENSG00000007952,NOX1
ENSG00000102312,PORCN
ENSG00000124334,IL9R
ENSG00000228572,LL0YNC03-29C1.1
ENSG00000226179,LINC00685
ENSG00000266731,AL732314.1
ENSG00000234958,FABP5P13
ENSG00000229232,KRT18P53
ENSG00000237531,RP11-309M23.1
ENSG00000225661,RPL14P5
ENSG00000264510,BX649553.3
ENSG00000264819,BX649553.4
ENSG00000263980,BX649553.2
ENSG00000265658,MIR3690
ENSG00000263835,BX649553.1
ENSG00000223274,RNA5SP498
ENSG00000265350,RN7SL355P
ENSG00000236871,LINC00106
ENSG00000236017,ASMTL-AS1
ENSG00000223511,RP13-297E16.4
ENSG00000234622,RP13-297E16.5
ENSG00000223571,DHRSX-IT1
ENSG00000223773,CD99P1
ENSG00000230542,LINC00102
ENSG00000251848,snoU13
ENSG00000235483,GYG2-AS1
ENSG00000147155,EBP
ENSG00000229851,ARSD-AS1
ENSG00000165675,ENOX2
ENSG00000239228,RN7SL578P
ENSG00000230249,RP13-824C8.2
ENSG00000182489,XKRX
ENSG00000213487,ASS1P4
ENSG00000212214,SNORA48
ENSG00000207435,RNU6-114P
ENSG00000207332,RNU6-146P
ENSG00000207320,Y_RNA
ENSG00000236188,PRKX-AS1
ENSG00000182888,RP11-558O12.1
ENSG00000234449,RP11-706O15.3
ENSG00000068354,TBC1D25
ENSG00000174225,ARL13A
ENSG00000205663,RP11-706O15.5
ENSG00000205662,RP11-706O15.7
ENSG00000225722,RP11-706O15.8
ENSG00000264861,AC108683.1
ENSG00000236513,RP11-707P20.1
ENSG00000222834,AC074035.1
ENSG00000235039,MTND6P12
ENSG00000226313,RP11-585K14.2
ENSG00000184083,FAM120C
ENSG00000147256,ARHGAP36
ENSG00000238193,RP11-555H23.1
ENSG00000201660,SNORA20
ENSG00000236120,RP11-733O18.1
ENSG00000252291,SNORA31
ENSG00000188917,TRMT2B
ENSG00000196632,WNK3
ENSG00000204620,AC115618.1
ENSG00000102317,RBM3
ENSG00000147255,IGSF1
ENSG00000229818,RP11-459A10.3
ENSG00000225962,RP11-459A10.2
ENSG00000265284,MIR4770
ENSG00000237730,RP11-459A10.1
ENSG00000231217,RP11-1M18.1
ENSG00000126950,TMEM35
ENSG00000237490,RP13-926M18.1
ENSG00000228550,RP11-483M24.2
ENSG00000264268,MIR4767
ENSG00000230394,RP11-692P14.1
ENSG00000207628,MIR651
ENSG00000225574,DRAXINP1
ENSG00000231619,GS1-542M4.3
ENSG00000229012,GS1-542M4.4
ENSG00000225271,RP11-66N5.2
ENSG00000200852,RNA5SP499
ENSG00000219870,RP11-430A19.2
ENSG00000228543,GS1-519E5.1
ENSG00000232111,RP11-126O22.1
ENSG00000215319,RP11-98L4.1
ENSG00000230326,HMGN1P33
ENSG00000206844,Y_RNA
ENSG00000225076,WWC3-AS1
ENSG00000202469,Y_RNA
ENSG00000222133,AC003666.1
ENSG00000227042,RP6-1O2.1
ENSG00000207202,RNU6-800P
ENSG00000234129,RP11-120D5.1
ENSG00000207151,Y_RNA
ENSG00000263652,MIR548AX
ENSG00000232392,AC002366.3
ENSG00000223418,GS1-590J6.2
ENSG00000206792,Y_RNA
ENSG00000252111,AC002981.1
ENSG00000206795,Y_RNA
ENSG00000223487,FRMPD4-AS1
ENSG00000231211,RPL17P49
ENSG00000101940,WDR13
ENSG00000158526,TSR2
ENSG00000271814,7SK
ENSG00000229083,PSMA6P2
ENSG00000230691,MRPL35P4
ENSG00000233338,TLR8-AS1
ENSG00000261030,RP11-791M20.1
ENSG00000235385,GS1-600G8.5
ENSG00000102384,CENPI
ENSG00000231216,GS1-600G8.3
ENSG00000102302,FGD1
ENSG00000235592,GS1-600G8.4
ENSG00000226985,RP11-142G7.2
ENSG00000226434,RP11-1L9.1
ENSG00000102385,DRP2
ENSG00000197582,GPX1P1
ENSG00000015285,WAS
ENSG00000233357,RPL30P15
ENSG00000199622,RN7SKP20
ENSG00000233535,RP1-122K4.2
ENSG00000212663,RP1-122K4.3
ENSG00000264331,AC003035.1
ENSG00000233247,GS1-257G1.1
ENSG00000221278,AC003658.1
ENSG00000231066,NPM1P9
ENSG00000235929,TPT1P14
ENSG00000236929,RP11-699A7.1
ENSG00000171054,OR13H1
ENSG00000225833,GS1-594A7.3
ENSG00000237539,GS1-594A7.5
ENSG00000186312,CA5BP1
ENSG00000200620,SNORA7
ENSG00000200566,RNU5F-7P
ENSG00000226536,SETP15
ENSG00000238178,RP11-431J24.2
ENSG00000134602,MST4
ENSG00000130119,GNL3L
ENSG00000215313,RPL6P30
ENSG00000252648,AC078993.1
ENSG00000238623,AC073597.1
ENSG00000235071,RP11-759L5.2
ENSG00000239333,RN7SL658P
ENSG00000265144,MIR548AM
ENSG00000238709,RNU7-56P
ENSG00000230180,CTD-2542O7.2
ENSG00000222736,RNU4-6P
ENSG00000223498,RP11-716A19.3
ENSG00000199410,Y_RNA
ENSG00000201467,SNORA16
ENSG00000214322,CBX1P2
ENSG00000214321,CBX1P4
ENSG00000238764,snoU13
ENSG00000265465,MIR4768
ENSG00000235834,RP1-60N8.1
ENSG00000230020,NHS-AS1
ENSG00000226153,RP3-389A20.5
ENSG00000227873,RP3-389A20.2
ENSG00000225066,RP1-272E8.1
ENSG00000165694,FRMD7
ENSG00000102313,ITIH6
ENSG00000123728,RAP2C
ENSG00000102316,MAGED2
ENSG00000225882,RP3-410B11.1
ENSG00000235211,TMSB10P2
ENSG00000207025,Y_RNA
ENSG00000236187,GJA6P
ENSG00000237221,PPEF1-AS1
ENSG00000196564,RP3-499B10.3
ENSG00000223018,AL096700.1
ENSG00000224224,HAUS1P2
ENSG00000237836,PHKA2-AS1
ENSG00000266710,RN7SL48P
ENSG00000202144,Y_RNA
ENSG00000206663,Y_RNA
ENSG00000264566,MIR23C
ENSG00000201882,snoU2-30
ENSG00000201592,snoU2_19
ENSG00000225037,EIF1AX-AS1
ENSG00000252978,RN7SKP183
ENSG00000206716,RNU6-133P
ENSG00000231913,RARRES2P3
ENSG00000266822,AL928874.1
ENSG00000206639,Y_RNA
ENSG00000271286,LL0XNC01-39B3.1
ENSG00000265868,RN7SL436P
ENSG00000224204,PHEX-AS1
ENSG00000233067,RP11-40F8.2
ENSG00000231846,RP11-494I9.2
ENSG00000224396,METTL15P3
ENSG00000201095,RNU6-266P
ENSG00000231011,RP11-494I9.1
ENSG00000265819,AC092832.1
ENSG00000237019,GS1-433O24.1
ENSG00000174028,FAM3C2
ENSG00000221786,AC004673.1
ENSG00000228610,GS1-590J15.1
ENSG00000102387,TAF7L
ENSG00000226774,RP11-654E17.2
ENSG00000238327,snoU13
ENSG00000263425,AC131011.1
ENSG00000076770,MBNL3
ENSG00000233785,RP13-314C10.5
ENSG00000202272,Y_RNA
ENSG00000238103,RPL9P7
ENSG00000201407,SNORA68
ENSG00000234230,ZFX-AS1
ENSG00000264184,AC096509.1
ENSG00000223611,SUPT20HL2
ENSG00000264746,AC004552.1
ENSG00000223731,SUPT20HL1
ENSG00000225071,GS1-184P14.2
ENSG00000214124,SNRPEP9
ENSG00000101945,SUV39H1
ENSG00000126953,TIMM8A
ENSG00000171433,GLOD5
ENSG00000102145,GATA1
ENSG00000265506,AC004656.1
ENSG00000260822,GS1-358P8.4
ENSG00000226222,RP11-753E22.3
ENSG00000010671,BTK
ENSG00000236836,PCYT1B-AS1
ENSG00000236487,RP11-753E22.2
ENSG00000264224,AC004655.1
ENSG00000251869,SCARNA23
ENSG00000232472,EEF1B2P3
ENSG00000214111,RP1-258N20.3
ENSG00000240439,RN7SL91P
ENSG00000176812,RP11-629O4.1
ENSG00000212075,AC112778.1
ENSG00000229310,RPP40P1
ENSG00000228519,RP11-298C3.2
ENSG00000233403,RP11-86A5.1
ENSG00000232446,RP13-60P5.2
ENSG00000232030,MAGEB6P1
ENSG00000227511,GS1-466O4.2
ENSG00000232644,GS1-466O4.3
ENSG00000237171,GS1-466O4.5
ENSG00000228464,RP11-617O8.1
ENSG00000231388,RP11-702C7.2
ENSG00000230265,RP11-702C7.1
ENSG00000259849,VENTXP1
ENSG00000236160,GS1-541M1.2
ENSG00000216938,RPL7P58
ENSG00000236683,HMGA1P1
ENSG00000252491,RNU1-142P
ENSG00000242021,RP11-268G12.3
ENSG00000094631,HDAC6
ENSG00000067445,TRO
ENSG00000228933,RP11-268G12.1
ENSG00000233807,RP11-268G12.2
ENSG00000252486,Y_RNA
ENSG00000235642,PTP4A1P5
ENSG00000224960,SMEK3P
ENSG00000223391,GS1-309P15.3
ENSG00000238247,GS1-309P15.4
ENSG00000231315,AC107613.1
ENSG00000229731,RP11-501H19.2
ENSG00000226199,RP11-12D5.2
ENSG00000232834,RP11-12D5.3
ENSG00000228345,RP11-12D5.4
ENSG00000233243,RP11-12D5.5
ENSG00000224589,RP11-12D5.6
ENSG00000263509,AC078988.1
ENSG00000223742,RP11-149B9.2
ENSG00000226436,RP1-22N22.1
ENSG00000201666,SNORD74
ENSG00000237994,RP1-146A15.1
ENSG00000201356,RNA5SP500
ENSG00000227393,RP6-127F18.2
ENSG00000264090,MIR4666B
ENSG00000227592,PIGFP3
ENSG00000270794,GS1-383H3.6
ENSG00000266257,AC005926.1
ENSG00000178556,CKS1BP6
ENSG00000232368,FTLP2
ENSG00000229331,GK-IT1
ENSG00000241886,RP11-242C19.2
ENSG00000243055,GK-AS1
ENSG00000231542,TAB3-AS1
ENSG00000235512,TAB3-AS2
ENSG00000252903,RNU6-894P
ENSG00000222922,RNA5SP501
ENSG00000236285,NPM1P8
ENSG00000263600,MIR3915
ENSG00000221348,MIR548F5
ENSG00000236828,DMD-AS3
ENSG00000238969,snoU13
ENSG00000226781,TBCAP1
ENSG00000215310,RP6-60B16.1
ENSG00000233928,RP11-305F18.1
ENSG00000185638,FTH1P14
ENSG00000233571,RP11-545D19.1
ENSG00000236072,RP11-281B1.2
ENSG00000271136,RP11-320J16.1
ENSG00000225384,RP13-643D4.1
ENSG00000241343,RPL36A
ENSG00000171004,HS6ST2
ENSG00000257529,RPL36A-HNRNPH2
ENSG00000222864,AL596268.1
ENSG00000229347,RP11-504E21.1
ENSG00000252411,RNU6-1087P
ENSG00000230227,SIAH1P1
ENSG00000233663,RP11-497J7.1
ENSG00000271088,RP11-497J7.4
ENSG00000233880,RP11-497J7.2
ENSG00000271519,RP11-307A17.2
ENSG00000206733,RNU6-641P
ENSG00000229384,HMGB1P16
ENSG00000226484,RP11-87M18.2
ENSG00000233921,RPS15AP40
ENSG00000221729,AL590285.1
ENSG00000249467,RP11-492O8.1
ENSG00000235510,BX842568.1
ENSG00000223723,BX842568.2
ENSG00000231069,BX842568.4
ENSG00000243048,FTH1P18
ENSG00000214071,RP11-31H15.2
ENSG00000233810,MOB1AP2
ENSG00000187682,ERAS
ENSG00000102109,PCSK1N
ENSG00000126768,TIMM17B
ENSG00000158571,PFKFB1
ENSG00000102103,PQBP1
ENSG00000169188,APEX2
ENSG00000241607,RP11-357K9.2
ENSG00000219186,FTH1P19
ENSG00000234355,FTH1P27
ENSG00000174678,FAM47DP
ENSG00000206983,RNU6-49P
ENSG00000259977,AL121578.2
ENSG00000224339,AL121578.5
ENSG00000229674,AL121578.7
ENSG00000221466,MIR548AJ2
ENSG00000226679,RP13-43E11.1
ENSG00000252050,SNORA31
ENSG00000227988,TDGF1P1
ENSG00000232370,AF241726.2
ENSG00000229735,FTLP16
ENSG00000233007,AF241726.4
ENSG00000238606,RNU7-7P
ENSG00000235806,RP4-646N3.1
ENSG00000238123,MID1IP1-AS1
ENSG00000207122,RNU6-591P
ENSG00000224610,RP11-265P11.1
ENSG00000235304,RP11-265P11.2
ENSG00000236747,RP11-157D23.1
ENSG00000234191,RP11-157D23.2
ENSG00000263730,MIR3937
ENSG00000264618,RN7SL732P
ENSG00000228232,GAPDHP1
ENSG00000270759,CTD-2324A24.2
ENSG00000261435,MIR1587
ENSG00000263972,MIR1587
ENSG00000214047,RPS11P7
ENSG00000223486,AC092198.1
ENSG00000236393,RP11-320G24.1
ENSG00000238920,snoU13
ENSG00000214045,RP6-186E3.1
ENSG00000206677,Y_RNA
ENSG00000235685,RP11-126D17.1
ENSG00000238730,RNU7-164P
ENSG00000238205,MPC1L
ENSG00000234636,MED14-AS1
ENSG00000270791,DPRXP6
ENSG00000214031,RP11-169L17.3
ENSG00000158578,ALAS2
ENSG00000237661,RP11-169L17.5
ENSG00000238222,MKRN4P
ENSG00000232801,SDCBPP3
ENSG00000189145,RP11-77G22.2
ENSG00000216866,RPS2P55
ENSG00000237931,RP11-469E19.1
ENSG00000269941,RP5-1172N10.4
ENSG00000223714,RP5-1172N10.2
ENSG00000199564,RNA5SP502
ENSG00000238426,Y_RNA
ENSG00000102393,GLA
ENSG00000226641,RP13-13A3.1
ENSG00000264573,RN7SL15P
ENSG00000225238,RP1-169I5.4
ENSG00000233033,CASK-AS1
ENSG00000212207,RNU6-1321P
ENSG00000265741,RN7SL406P
ENSG00000217624,RP11-204C16.4
ENSG00000242559,RN7SL144P
ENSG00000229822,RP5-1174J21.2
ENSG00000237875,RP5-1174J21.1
ENSG00000251807,RNU6-202P
ENSG00000233103,RP11-524P6.1
ENSG00000228847,ATP5G2P4
ENSG00000212560,RNU6-630P
ENSG00000228780,RP1-50A13.1
ENSG00000206896,RNU6-1124P
ENSG00000231772,RP1-154K9.2
ENSG00000102055,PPP1R2P9
ENSG00000270280,RP11-265D20.1
ENSG00000126945,HNRNPH2
ENSG00000224294,RP3-326I13.1
ENSG00000237206,IMPDH1P4
ENSG00000231750,NANOGP10
ENSG00000236276,NDP-AS1
ENSG00000214019,RP6-218J18.2
ENSG00000198414,TATDN2P1
ENSG00000214018,RRM2P3
ENSG00000200702,Y_RNA
ENSG00000238269,PAGE2B
ENSG00000224054,RP4-551E13.2
ENSG00000215035,FDPSP5
ENSG00000252120,AL136137.1
ENSG00000233543,CHTF8P1
ENSG00000229168,RPL19P20
ENSG00000234068,PAGE2
ENSG00000214016,RP6-105D16.1
ENSG00000196440,ARMCX4
ENSG00000242065,RN7SL291P
ENSG00000252113,RNU6-523P
ENSG00000229491,RP11-342D14.1
ENSG00000237782,RP1-192P9.1
ENSG00000229563,RP11-245M24.1
ENSG00000214282,KRT8P14
ENSG00000204915,RP6-99M1.1
ENSG00000270069,RP6-99M1.2
ENSG00000207870,MIR221
ENSG00000182518,FAM104B
ENSG00000126947,ARMCX1
ENSG00000198960,ARMCX6
ENSG00000256045,MTRNR2L10
ENSG00000158639,PAGE5
ENSG00000102401,ARMCX3
ENSG00000134588,USP26
ENSG00000204279,PAGE3
ENSG00000183434,TFDP3
ENSG00000076716,GPC4
ENSG00000187601,MAGEH1
ENSG00000247746,USP51
ENSG00000189299,FOXR2
ENSG00000083750,RRAGB
ENSG00000147257,GPC3
ENSG00000184867,ARMCX2
ENSG00000203952,CCDC160
ENSG00000156531,PHF6
ENSG00000233889,AL353698.1
ENSG00000102349,KLF8
ENSG00000165704,HPRT1
ENSG00000188021,UBQLN2
ENSG00000204271,SPIN3
ENSG00000126952,NXF5
ENSG00000170965,PLAC1
ENSG00000186787,SPIN2B
ENSG00000156504,FAM122B
ENSG00000147059,SPIN2A
ENSG00000165591,FAAH2
ENSG00000198455,ZXDB
ENSG00000156500,FAM122C
ENSG00000198205,ZXDA
ENSG00000186767,SPIN4
ENSG00000131089,ARHGEF9
ENSG00000166432,ZMAT1
ENSG00000101928,MOSPD1
ENSG00000184675,AMER1
ENSG00000184905,TCEAL2
ENSG00000198881,ASB12
ENSG00000204071,TCEAL6
ENSG00000184515,BEX5
ENSG00000102043,MTMR8
ENSG00000126970,ZC4H2
ENSG00000185554,NXF2
ENSG00000184785,SMIM10
ENSG00000212747,FAM127C
ENSG00000134590,FAM127A
ENSG00000203950,FAM127B
ENSG00000169551,CT55
ENSG00000186376,ZNF75D
ENSG00000173275,ZNF449
ENSG00000165359,DDX26B
ENSG00000215046,TCP11X1
ENSG00000102053,ZC3H12B
ENSG00000001497,LAS1L
ENSG00000185945,NXF2B
ENSG00000232478,CT45A1
ENSG00000147065,MSN
ENSG00000242185,CT45A2
ENSG00000232417,CT45A3
ENSG00000215029,TCP11X2
ENSG00000158164,TMSB15A
ENSG00000125962,ARMCX5
ENSG00000228836,CT45A4
ENSG00000155659,VSIG4
ENSG00000242284,CT45A5
ENSG00000198932,GPRASP1
ENSG00000158301,GPRASP2
ENSG00000226907,CT45A6
ENSG00000198908,BHLHB9
ENSG00000089472,HEPH
ENSG00000181433,SAGE1
ENSG00000102128,RAB40AL
ENSG00000133169,BEX1
ENSG00000147206,NXF3
ENSG00000169446,MMGT1
ENSG00000198689,SLC9A6
ENSG00000102409,BEX4
ENSG00000180964,TCEAL8
ENSG00000022267,FHL1
ENSG00000131080,EDA2R
ENSG00000204065,TCEAL5
ENSG00000133134,BEX2
ENSG00000182916,TCEAL7
ENSG00000185222,WBP5
ENSG00000166681,NGFRAP1
ENSG00000172476,RAB40A
ENSG00000129680,MAP7D3
ENSG00000133142,TCEAL4
ENSG00000169083,AR
ENSG00000196507,TCEAL3
ENSG00000079482,OPHN1
ENSG00000181704,YIPF6
ENSG00000172465,TCEAL1
ENSG00000123562,MORF4L2
ENSG00000156920,GPR112
ENSG00000102239,BRS3
ENSG00000102241,HTATSF1
ENSG00000130052,STARD8
ENSG00000090776,EFNB1
ENSG00000102243,VGLL1
ENSG00000181191,PJA1
ENSG00000130054,FAM155B
ENSG00000102245,CD40LG
ENSG00000158813,EDA
ENSG00000129675,ARHGEF6
ENSG00000147160,AWAT2
ENSG00000188828,GLRA4
ENSG00000179363,TMEM31
ENSG00000123560,PLP1
ENSG00000147274,RBMX
ENSG00000189401,OTUD6A
ENSG00000089289,IGBP1
ENSG00000184210,DGAT2L6
ENSG00000204195,AWAT1
ENSG00000186912,P2RY4
ENSG00000120500,ARR3
ENSG00000165370,GPR101
ENSG00000156925,ZIC3
ENSG00000123570,RAB9B
ENSG00000158427,TMSB15B
ENSG00000147127,RAB41
ENSG00000123569,H2BFWT
ENSG00000101812,H2BFM
ENSG00000176274,SLC25A53
ENSG00000166707,ZCCHC18
ENSG00000123575,FAM199X
ENSG00000129682,FGF13
ENSG00000120509,PDZD11
ENSG00000123576,ESX1
ENSG00000090889,KIF4A
ENSG00000101981,F9
ENSG00000189108,IL1RAPL2
ENSG00000133149,TEX13A
ENSG00000123572,NRK
ENSG00000101977,MCF2
ENSG00000123561,SERPINA7
ENSG00000157502,MUM1L1
ENSG00000147231,CXorf57
ENSG00000133135,RNF128
ENSG00000130055,GDPD2
ENSG00000133138,TBC1D8B
ENSG00000082458,DLG3
ENSG00000133131,MORC4
ENSG00000120498,TEX11
ENSG00000101974,ATP11C
ENSG00000147223,RIPPLY1
ENSG00000165376,CLDN2
ENSG00000089682,RBM41
ENSG00000198088,NUP62CL
ENSG00000165349,SLC7A3
ENSG00000203933,CXorf66
ENSG00000147164,SNX12
ENSG00000080572,PIH1D3
ENSG00000184481,FOXO4
ENSG00000134595,SOX3
ENSG00000203930,LINC00632
ENSG00000184258,CDR1
ENSG00000227234,SPANXB2
ENSG00000235604,SPANXB1
ENSG00000182195,LDOC1
ENSG00000198573,SPANXC
ENSG00000198021,SPANXA1
ENSG00000147234,FRMPD3
ENSG00000203926,SPANXA2
ENSG00000196406,SPANXD
ENSG00000165509,MAGEC3
ENSG00000147224,PRPS1
ENSG00000204165,CXorf65
ENSG00000147168,IL2RG
ENSG00000155495,MAGEC1
ENSG00000046774,MAGEC2
ENSG00000189326,SPANXN4
ENSG00000189252,SPANXN3
ENSG00000179542,SLITRK4
ENSG00000203924,SPANXN2
ENSG00000102069,UBE2NL
ENSG00000184634,MED12
ENSG00000157514,TSC22D3
ENSG00000203923,SPANXN1
ENSG00000185985,SLITRK2
ENSG00000221870,TMEM257
ENSG00000102081,FMR1
ENSG00000170935,NCBP2L
ENSG00000080561,MID2
ENSG00000170925,TEX13B
ENSG00000101842,VSIG1
ENSG00000176988,FMR1NB
ENSG00000101843,PSMD10
ENSG00000155966,AFF2
ENSG00000196338,NLGN3
ENSG00000101844,ATG4A
ENSG00000169562,GJB1
ENSG00000010404,IDS
ENSG00000147130,ZMYM3
ENSG00000197565,COL4A6
ENSG00000241489,IDS
ENSG00000197620,CXorf40A
ENSG00000147140,NONO
ENSG00000123584,MAGEA9B
ENSG00000171129,HSFX2
ENSG00000155984,TMEM185A
ENSG00000185247,MAGEA11
ENSG00000188153,COL4A5
ENSG00000171116,HSFX1
ENSG00000166008,MAGEA9
ENSG00000156009,MAGEA8
ENSG00000197021,CXorf40B
ENSG00000147166,ITGB1BP2
ENSG00000013619,MAMLD1
ENSG00000171100,MTM1
ENSG00000260548,RP6-24A23.6
ENSG00000133124,IRS4
ENSG00000101890,GUCY2F
ENSG00000101888,NXT2
ENSG00000176076,KCNE1L
ENSG00000068366,ACSL4
ENSG00000063601,MTMR1
ENSG00000147133,TAF1
ENSG00000157600,TMEM164
ENSG00000102181,CD99L2
ENSG00000101935,AMMECR1
ENSG00000147162,OGT
ENSG00000133136,GNG5P2
ENSG00000243978,RGAG1
ENSG00000101938,CHRDL1
ENSG00000029993,HMGB3
ENSG00000102195,GPR50
ENSG00000160131,VMA21
ENSG00000166049,PASD1
ENSG00000130032,PRRG3
ENSG00000147378,FATE1
ENSG00000183862,CNGA2
ENSG00000147381,MAGEA4
ENSG00000147174,ACRC
ENSG00000186810,CXCR3
ENSG00000204131,NHSL2
ENSG00000242732,RGAG4
ENSG00000102287,GABRE
ENSG00000077264,PAK3
ENSG00000124260,MAGEA10
ENSG00000011677,GABRA3
ENSG00000147402,GABRQ
ENSG00000077274,CAPN6
ENSG00000077279,DCX
ENSG00000197172,MAGEA6
ENSG00000183305,MAGEA2B
ENSG00000213401,MAGEA12
ENSG00000198930,CSAG1
ENSG00000184750,MAGEA2
ENSG00000221867,MAGEA3
ENSG00000101901,ALG13
ENSG00000147400,CETN2
ENSG00000147383,NSDHL
ENSG00000147394,ZNF185
ENSG00000072315,TRPC5
ENSG00000187823,ZCCHC16
ENSG00000182508,LHFPL1
ENSG00000126016,AMOT
ENSG00000198883,PNMA5
ENSG00000183837,PNMA3
ENSG00000235961,PNMA6C
ENSG00000147246,HTR2C
ENSG00000224201,PNMA6A
ENSG00000123496,IL13RA2
ENSG00000257088,PNMA6D
ENSG00000203902,PNMA6B
ENSG00000198681,MAGEA1
ENSG00000063587,ZNF275
ENSG00000130224,LRCH2
ENSG00000189420,ZFP92
ENSG00000183479,TREX2
ENSG00000175718,RBMXL3
ENSG00000102021,LUZP4
ENSG00000213397,HAUS7
ENSG00000102024,PLS3
ENSG00000224963,U82695.9
ENSG00000182492,BGN
ENSG00000228532,RP1-241P17.4
ENSG00000180772,AGTR2
ENSG00000087916,SLC6A14
ENSG00000204019,CT83
ENSG00000067842,ATP2B3
ENSG00000003096,KLHL13
ENSG00000131725,WDR44
ENSG00000147382,FAM58A
ENSG00000147251,DOCK11
ENSG00000130829,DUSP9
ENSG00000130822,PNCK
ENSG00000130821,SLC6A8
ENSG00000131724,IL13RA1
ENSG00000185825,BCAP31
ENSG00000101986,ABCD1
ENSG00000174460,ZCCHC12
ENSG00000198753,PLXNB3
ENSG00000175556,LONRF3
ENSG00000250423,KIAA1210
ENSG00000101856,PGRMC1
ENSG00000077713,SLC25A43
ENSG00000005022,SLC25A5
ENSG00000184343,SRPK3
ENSG00000018610,CXorf56
ENSG00000077721,UBE2A
ENSG00000067829,IDH3G
ENSG00000180879,SSR4
ENSG00000067840,PDZD4
ENSG00000198910,L1CAM
ENSG00000196987,LCA10
ENSG00000126895,AVPR2
ENSG00000089820,ARHGAP4
ENSG00000226555,AGKP1
ENSG00000228787,NLGN4Y-AS1
ENSG00000236131,MED13P1
ENSG00000227949,CYCSP46
ENSG00000224518,AC006989.2
ENSG00000234620,HDHD1P1
ENSG00000235014,REREP2Y
ENSG00000225876,AC024067.1
ENSG00000251796,SNORA70
ENSG00000229238,PPP1R12BP1
ENSG00000227166,STSP1
ENSG00000252664,AC017020.1
ENSG00000252689,SNORA20
ENSG00000252173,RNU6-109P
ENSG00000252948,RNU6-1314P
ENSG00000233843,CYCSP48
ENSG00000225516,AC006156.1
ENSG00000188399,ANKRD36P1
ENSG00000265197,AC053516.1
ENSG00000252323,RNU6-184P
ENSG00000215506,TPTE2P4
ENSG00000224240,CYCSP49
ENSG00000238074,TSPY6P
ENSG00000227629,SLC25A15P1
ENSG00000237917,PARP4P1
ENSG00000228518,SURF6P1
ENSG00000271595,TCEB1P35
ENSG00000224989,FAM41AY1
ENSG00000236424,TSPY10
ENSG00000228578,TUBB1P2
ENSG00000267935,AC016752.1
ENSG00000172352,CDY1B
ENSG00000230663,FAM224B
ENSG00000231514,FAM58CP
ENSG00000235857,CTBP2P1
ENSG00000252315,RNA5SP520
ENSG00000252012,RNA5SP521
ENSG00000238191,CLUHP1
ENSG00000252038,AC068704.1
ENSG00000183795,BPY2B
ENSG00000226353,TAF9P1
ENSG00000226449,CDY5P
ENSG00000225896,AC007742.3
ENSG00000224166,PRYP1
ENSG00000229129,ACTG1P2
ENSG00000250868,AC007742.7
ENSG00000223555,USP9YP23
ENSG00000235521,USP9YP27
ENSG00000224336,FAM197Y1
ENSG00000183704,SLC9B1P1
ENSG00000187191,DAZ3
ENSG00000114374,USP9Y
ENSG00000252513,RNU1-128P
ENSG00000224964,TRAPPC2P3
ENSG00000226011,OFD1P1Y
ENSG00000225740,TCEB1P6
ENSG00000229138,CDY6P
ENSG00000224485,USP9YP7
ENSG00000226116,USP9YP6
ENSG00000237558,CDY7P
ENSG00000233378,USP9YP34
ENSG00000237616,USP9YP32
ENSG00000224033,CDY8P
ENSG00000205916,DAZ4
ENSG00000230412,TCEB1P12
ENSG00000226611,OFD1P2Y
ENSG00000225895,TRAPPC2P8
ENSG00000233120,USP9YP15
ENSG00000067048,DDX3Y
ENSG00000252166,RNU1-95P
ENSG00000232744,USP9YP16
ENSG00000244646,AC024183.3
ENSG00000229465,ACTG1P11
ENSG00000231311,PRYP2
ENSG00000236599,TCEB1P26
ENSG00000232899,CDY9P
ENSG00000229302,TAF9P2
ENSG00000228945,CLUHP2
ENSG00000252439,AC007241.1
ENSG00000233522,FAM224A
ENSG00000251953,RNA5SP522
ENSG00000252667,RNA5SP523
ENSG00000249726,TUBB1P1
ENSG00000226362,FAM41AY2
ENSG00000225716,TCEB1P13
ENSG00000229406,OFD1P4Y
ENSG00000227494,USP9YP14
ENSG00000252209,RNU1-48P
ENSG00000249634,USP9YP5
ENSG00000183878,UTY
ENSG00000251510,AC022486.1
ENSG00000238067,XKRYP1
ENSG00000233546,PRYP5
ENSG00000230377,TCEB1P7
ENSG00000250951,USP9YP1
ENSG00000185894,BPY2C
ENSG00000230458,GPM6BP1
ENSG00000131007,TTTY9B
ENSG00000240438,OFD1P5Y
ENSG00000172288,CDY1
ENSG00000235479,RAB9AP4
ENSG00000249606,TRAPPC2P7
ENSG00000242153,OFD1P6Y
ENSG00000236429,GPM6BP2
ENSG00000249501,USP9YP2
ENSG00000228193,TCEB1P14
ENSG00000248573,PRYP6
ENSG00000230904,XKRYP2
ENSG00000238135,USP9YP10
ENSG00000269393,AC007965.1
ENSG00000224151,USP9YP28
ENSG00000251970,RNU1-41P
ENSG00000238088,OFD1P7Y
ENSG00000251841,RNU6-1334P
ENSG00000237659,RNASEH2CP1
ENSG00000232195,TOMM22P2
ENSG00000217179,MTCYBP2
ENSG00000227289,HSFY3P
ENSG00000229163,NAP1L1P2
ENSG00000176728,TTTY14
ENSG00000233070,ZFY-AS1
ENSG00000223600,EEF1A1P41
ENSG00000231535,LINC00278
ENSG00000217896,ZNF839P1
ENSG00000185275,CD24P4
ENSG00000252766,RNU6-255P
ENSG00000234529,GAPDHP19
ENSG00000215580,BCORP1
ENSG00000131002,TXLNG2P
ENSG00000234652,AGPAT5P1
ENSG00000216777,PRRC2CP1
ENSG00000232927,USP12PY
ENSG00000225653,RNF19BPY
ENSG00000218410,AC012078.2
ENSG00000229518,UBE2V1P3
ENSG00000229308,AC010084.1
ENSG00000252900,RNU6-303P
ENSG00000225878,SERBP1P2
ENSG00000252468,RNU2-57P
ENSG00000231341,VDAC1P6
ENSG00000235001,EIF4A1P2
ENSG00000214207,KRT18P10
ENSG00000252059,AC012667.1
ENSG00000235175,RPL26P37
ENSG00000251879,AC010874.1
ENSG00000237195,DLGAP5P1
ENSG00000251275,AC006335.2
ENSG00000237069,TTTY23B
ENSG00000250204,AC006335.6
ENSG00000234830,FAM197Y9
ENSG00000238235,TSPY11P
ENSG00000234583,TSPY19P
ENSG00000235094,AC006335.10
ENSG00000242879,AC006335.11
ENSG00000223744,RBMY2GP
ENSG00000267793,RP11-576C2.1
ENSG00000269291,AC010877.1
ENSG00000154620,TMSB4Y
ENSG00000260197,RP11-424G14.1
ENSG00000237997,RCC2P2
ENSG00000232522,ZNF886P
ENSG00000129864,VCY
ENSG00000228764,ZNF885P
ENSG00000129862,VCY1B
ENSG00000229643,LINC00280
ENSG00000229236,TTTY10
ENSG00000225624,TBL1YP1
ENSG00000224482,HSFY4P
ENSG00000129816,TTTY1B
ENSG00000212856,TTTY2B
ENSG00000165246,NLGN4Y
ENSG00000237563,TTTY21B
ENSG00000147753,TTTY7
ENSG00000216844,AC009494.3
ENSG00000229551,GAPDHP17
ENSG00000185700,TTTY8B
ENSG00000226504,TMEM167AP1
ENSG00000254488,RP11-65G9.1
ENSG00000237427,TOMM22P1
ENSG00000232634,NEFLP1
ENSG00000226918,AC010086.1
ENSG00000223637,RBMY2EP
ENSG00000235895,AC010154.2
ENSG00000232620,TSPY17P
ENSG00000224953,SRIP3
ENSG00000129873,CDY2B
ENSG00000233634,GOT2P5
ENSG00000236615,AC010086.5
ENSG00000237701,ATP5JP1
ENSG00000232583,GPR143P
ENSG00000099725,PRKY
ENSG00000237269,RBMY2TP
ENSG00000235719,AC010141.1
ENSG00000169849,TSPY14P
ENSG00000182415,CDY2A
ENSG00000169811,RBMY1HP
ENSG00000252633,RN7SKP282
ENSG00000251996,Y_RNA
ENSG00000252155,RNU6-941P
ENSG00000252472,RNU6-521P
ENSG00000238073,RBMY2HP
ENSG00000223422,AC007274.2
ENSG00000172468,HSFY1
ENSG00000236435,TSPY12P
ENSG00000236690,AC007274.5
ENSG00000225520,TTTY16
ENSG00000234795,RFTN1P1
ENSG00000237048,TTTY12
ENSG00000215603,ZNF92P1Y
ENSG00000244246,ZNF736P8Y
ENSG00000229745,BPY2DP
ENSG00000169953,HSFY2
ENSG00000241200,ZNF736P7Y
ENSG00000239893,ZNF736P9Y
ENSG00000227204,RBMY2JP
ENSG00000225809,RBMY2KP
ENSG00000242393,AC010141.4
ENSG00000228257,AC010141.6
ENSG00000227989,AC010141.8
ENSG00000184991,TTTY13
ENSG00000271123,TCEB1P5
ENSG00000226042,CDY10P
ENSG00000237023,USP9YP3
ENSG00000229416,USP9YP8
ENSG00000230029,CDY11P
ENSG00000269084,AC009977.1
ENSG00000215601,TSPY24P
ENSG00000224634,ZNF736P6Y
ENSG00000223955,MTND6P1
ENSG00000012817,KDM5D
ENSG00000234179,MTCYBP1
ENSG00000229725,AC007322.1
ENSG00000251618,AC007322.3
ENSG00000227444,AC007322.5
ENSG00000226529,MTND1P1
ENSG00000234850,MTND2P3
ENSG00000227830,TRIM60P3Y
ENSG00000216824,ZNF736P10Y
ENSG00000232348,LINC00279
ENSG00000233699,TTTY18
ENSG00000232419,TTTY19
ENSG00000180910,TTTY11
ENSG00000228207,AC007967.2
ENSG00000173357,AC007967.3
ENSG00000226092,RBMY2AP
ENSG00000237968,AC007322.7
ENSG00000231159,OFD1P8Y
ENSG00000232475,HSFY5P
ENSG00000229553,USP9YP17
ENSG00000228850,CDY12P
ENSG00000232029,TCEB1P15
ENSG00000230025,AC007967.4
ENSG00000231988,OFD1P3Y
ENSG00000232235,CDY3P
ENSG00000224408,USP9YP22
ENSG00000238154,USP9YP4
ENSG00000232924,TCEB1P4
ENSG00000236951,AC007359.6
ENSG00000197038,RBMY1A3P
ENSG00000131548,TTTY6B
ENSG00000232808,TTTY20
ENSG00000229159,TSPY23P
ENSG00000225560,FAM197Y8
ENSG00000225615,RBMY2UP
ENSG00000229234,RBMY1KP
ENSG00000215560,TTTY5
ENSG00000229940,TSPY22P
ENSG00000243040,RBMY2FP
ENSG00000259247,TTTY25P
ENSG00000237902,TSPY21P
ENSG00000235059,AC008175.1
ENSG00000131538,TTTY6
ENSG00000228383,FAM197Y7
ENSG00000234131,TCEB1P8
ENSG00000224873,CDY13P
ENSG00000230814,USP9YP24
ENSG00000228571,HSFY7P
ENSG00000230476,OFD1P9Y
ENSG00000224657,RBMY2BP
ENSG00000188656,TSPY7P
ENSG00000237802,FAM197Y6
ENSG00000224917,AC016694.2
ENSG00000230727,RBMY2WP
ENSG00000228240,TTTY17A
ENSG00000230066,FAM197Y3
ENSG00000270073,AC006156.2
ENSG00000234803,FAM197Y2
ENSG00000215537,ZNF736P11Y
ENSG00000236786,TSPY15P
ENSG00000231436,RBMY3AP
ENSG00000234110,TSPY25P
ENSG00000226223,TSPY16P
ENSG00000232617,AC017019.1
ENSG00000183385,TTTY8
ENSG00000147761,TTTY7B
ENSG00000226906,TTTY4
ENSG00000244000,AC006366.3
ENSG00000198692,EIF1AY
ENSG00000232764,TRIM60P8Y
ENSG00000233126,ZNF736P3Y
ENSG00000227251,TRIM60P9Y
ENSG00000228890,TTTY21
ENSG00000205936,PPP1R12BP2
ENSG00000251925,SNORA70
ENSG00000212855,TTTY2
ENSG00000225189,REREP1Y
ENSG00000230073,AC009947.2
ENSG00000215540,AC009947.3
ENSG00000236647,AC009947.5
ENSG00000225466,OFD1P10Y
ENSG00000224169,HSFY6P
ENSG00000223407,USP9YP18
ENSG00000129845,TTTY1
ENSG00000224075,TTTY22
ENSG00000228379,AC010891.2
ENSG00000229208,RBMY2NP
ENSG00000231874,TSPY18P
ENSG00000226873,CDY14P
ENSG00000187657,TSPY13P
ENSG00000239225,TTTY23
ENSG00000234950,RBMY2OP
ENSG00000157828,RPS4Y2
ENSG00000236718,RBMY2QP
ENSG00000183146,CYorf17
ENSG00000242875,RBMY1B
ENSG00000227915,TCEB1P16
ENSG00000169763,PRYP3
ENSG00000243643,TSPY20P
ENSG00000225685,TSPY5P
ENSG00000235193,AC006987.4
ENSG00000251766,RNA5SP518
ENSG00000235691,AC006987.5
ENSG00000252289,RNA5SP519
ENSG00000226975,AC006987.6
ENSG00000236620,XKRYP3
ENSG00000224866,USP9YP25
ENSG00000232424,USP9YP29
ENSG00000231411,AC006987.7
ENSG00000234414,RBMY1A1
ENSG00000226061,PCMTD1P1
ENSG00000237447,CDC27P2
ENSG00000251966,AC010970.1
ENSG00000225840,AC010970.2
ENSG00000251705,RNA5-8SP6
ENSG00000271365,RP1-85D24.3
ENSG00000271309,RP1-85D24.2
ENSG00000270570,RP1-85D24.1
ENSG00000263502,AC134878.2
ENSG00000252855,AC134878.1
ENSG00000258567,DUX4L16
ENSG00000259154,DUX4L17
ENSG00000259029,DUX4L18
ENSG00000258991,DUX4L19
ENSG00000270455,PABPC1P5
ENSG00000252681,RNU1-97P
ENSG00000232910,RAB9AP1
ENSG00000270242,RP11-295P22.1
ENSG00000271375,RP11-295P22.2
ENSG00000234385,RCC2P1
ENSG00000265161,AC011293.1
ENSG00000215583,ASS1P6
ENSG00000235649,MXRA5P1
ENSG00000236477,RPS24P1
ENSG00000232226,ARSFP1
ENSG00000243980,RN7SL702P
ENSG00000232730,FAM8A4P
ENSG00000224060,ARSEP1
ENSG00000225117,ARSDP1
ENSG00000206159,GYG2P1
ENSG00000232845,TRAPPC2P9
ENSG00000237302,OFD1P11Y
ENSG00000252586,AC002992.1
ENSG00000227447,XGPY
ENSG00000231540,TCEB1P9
ENSG00000226863,SHROOM2P1
ENSG00000223362,CDY15P
ENSG00000233774,MED14P1
ENSG00000231026,XKRYP4
ENSG00000224571,USP9YP13
ENSG00000226369,USP9YP11
ENSG00000227871,USP9YP12
ENSG00000251917,RNU1-86P
ENSG00000231423,RAB9AP5
ENSG00000233864,TTTY15
ENSG00000228411,CDY4P
ENSG00000228465,TRAPPC2P10
ENSG00000232585,OFD1P12Y
ENSG00000234081,TCEB1P10
ENSG00000231375,CDY17P
ENSG00000237467,USP9YP35
ENSG00000229250,USP9YP31
ENSG00000232205,CDY18P
ENSG00000235981,AC023274.4
ENSG00000223698,GOLGA6L11P
ENSG00000242854,DNM1P24
ENSG00000230977,AC023274.6
ENSG00000244231,CSPG4P2Y
ENSG00000172342,CSPG4P3Y
ENSG00000172332,AC012005.2
ENSG00000242389,RBMY1E
ENSG00000239533,GOLGA2P2Y
ENSG00000242425,RN7SL818P
ENSG00000225491,UBE2Q2P4Y
ENSG00000224827,LINC00265-2P
ENSG00000233740,CICP2
ENSG00000248792,LINC00266-2P
ENSG00000234399,RBMY2XP
ENSG00000234059,CASKP1
ENSG00000227439,TTTY17B
ENSG00000224210,TRIM60P5Y
ENSG00000232003,ZNF736P12Y
ENSG00000224035,SFPQP1
ENSG00000235412,TTTY4B
ENSG00000240566,AC010153.3
ENSG00000235462,TAB3P1
ENSG00000223915,DPPA2P1
ENSG00000215414,PSMA6P1
ENSG00000252694,AC006371.1
ENSG00000241859,KALP
ENSG00000232976,TRIM60P10Y
ENSG00000226270,ZNF736P2Y
ENSG00000227837,TRIM60P11Y
ENSG00000223978,ZNF736P1Y
ENSG00000235451,PNPLA4P1
ENSG00000266220,AC010723.2
ENSG00000223517,AC010723.1
ENSG00000230819,ZNF736P5Y
ENSG00000228296,TTTY4C
ENSG00000236379,ZNF736P4Y
ENSG00000223641,TTTY17C
ENSG00000227633,RBMY2YP
ENSG00000228786,LINC00266-4P
ENSG00000233652,CICP1
ENSG00000233944,LINC00265-3P
ENSG00000223636,UBE2Q2P5Y
ENSG00000244395,RBMY1D
ENSG00000172297,GOLGA2P3Y
ENSG00000184895,SRY
ENSG00000129824,RPS4Y1
ENSG00000272042,Metazoa_SRP
ENSG00000252471,AC006328.1
ENSG00000172294,CSPG4P4Y
ENSG00000169807,PRY2
ENSG00000240450,CSPG4P1Y
ENSG00000169800,RBMY1F
ENSG00000239304,DNM1P48
ENSG00000233619,AC006328.9
ENSG00000197092,GOLGA6L16P
ENSG00000067646,ZFY
ENSG00000235583,AC007562.1
ENSG00000237823,CDY19P
ENSG00000229709,USP9YP36
ENSG00000232064,USP9YP33
ENSG00000225609,CDY20P
ENSG00000176679,TGIF2LY
ENSG00000099715,PCDH11Y
ENSG00000269464,AC012067.1
ENSG00000168757,TSPY2
ENSG00000270535,TCEB1P34
ENSG00000225287,OFD1P13Y
ENSG00000225256,TRAPPC2P5
ENSG00000223856,RAB9AP2
ENSG00000235004,USP9YP30
ENSG00000252426,RNU1-107P
ENSG00000231141,TTTY3
ENSG00000232614,USP9YP9
ENSG00000226941,RBMY1J
ENSG00000225326,USP9YP19
ENSG00000223406,XKRYP5
ENSG00000229343,CDY22P
ENSG00000232695,TCEB1P17
ENSG00000235511,OFD1P18Y
ENSG00000232914,TRAPPC2P4
ENSG00000223655,RAB9AP3
ENSG00000230854,USP9YP20
ENSG00000252625,RNU1-40P
ENSG00000227635,USP9YP21
ENSG00000237546,XKRYP6
ENSG00000172283,PRYP4
ENSG00000227867,TCEB1P11
ENSG00000231716,CDY23P
ENSG00000234744,USP9YP26
ENSG00000233156,HSFY8P
ENSG00000234888,OFD1P15Y
ENSG00000215507,RBMY2DP
ENSG00000169789,PRY
ENSG00000183753,BPY2
ENSG00000099721,AMELY
ENSG00000188120,DAZ1
ENSG00000092377,TBL1Y
ENSG00000233803,TSPY4
ENSG00000229549,TSPY8
ENSG00000228927,TSPY3
ENSG00000258992,TSPY1
ENSG00000205944,DAZ2
